DT_REFER;CD_CONTA;CD_CVM;VL_CONTA;VL_CONTA_PENULTIMO
2011-03-31;1.01;20257;1304282000.0;1081396000.0
2011-03-31;1.01.01;20257;640436000.0;414578000.0
2011-03-31;1.01.02;20257;0.0;0.0
2011-03-31;1.01.03;20257;635221000.0;634773000.0
2011-03-31;1.01.04;20257;786000.0;786000.0
2011-03-31;1.02.01;20257;3351158000.0;3477534000.0
2011-03-31;1.02.02;20257;0.0;0.0
2011-03-31;1.02.03;20257;12438000.0;12741000.0
2011-03-31;1.02.04;20257;4090000.0;4159000.0
2011-03-31;2.01;20257;334701000.0;308216000.0
2011-03-31;2.01.02;20257;8245000.0;11578000.0
2011-03-31;2.01.03;20257;7513000.0;16189000.0
2011-03-31;2.01.04;20257;94762000.0;54017000.0
2011-03-31;2.01.05;20257;224181000.0;226432000.0
2011-03-31;2.02.01;20257;1487541000.0;1487279000.0
2011-03-31;2.02.02;20257;8975000.0;7509000.0
2011-03-31;2.02.03;20257;259104000.0;264013000.0
2011-03-31;2.02.04;20257;459000.0;459000.0
2011-03-31;2.03.01;20257;1312536000.0;1312536000.0
2011-03-31;2.03.02;20257;594507000.0;594507000.0
2011-03-31;2.03.04;20257;601311000.0;601311000.0
2011-03-31;3.01;20257;157946000.0;165287000.0
2011-03-31;3.02;20257;-12129000.0;-17979000.0
2011-03-31;3.03;20257;145817000.0;147308000.0
2011-03-31;3.04;20257;-7046000.0;-9603000.0
2011-03-31;3.05;20257;138771000.0;137705000.0
2011-03-31;3.06;20257;-35769000.0;-33656000.0
2011-03-31;3.07;20257;103002000.0;104049000.0
2011-03-31;3.08;20257;-30168000.0;-34785000.0
2011-03-31;3.09;20257;72834000.0;69264000.0
2011-03-31;3.11;20257;72834000.0;69264000.0
2011-03-31;5.01;20257;2508354000.0;2207369000.0
2011-03-31;5.03;20257;2508354000.0;2207369000.0
2011-03-31;5.07;20257;2581188000.0;2276633000.0
2011-03-31;6.01;20257;173212000.0;139931000.0
2011-03-31;6.02;20257;60961000.0;-5009000.0
2011-03-31;6.03;20257;-8315000.0;-52834000.0
2011-03-31;6.05;20257;225858000.0;82088000.0
2011-03-31;7.01;20257;172055000.0;177906000.0
2011-03-31;7.02;20257;-8059000.0;-14578000.0
2011-03-31;7.03;20257;163996000.0;163328000.0
2011-03-31;7.04.01;20257;-373000.0;-3654000.0
2011-03-31;7.05;20257;163623000.0;159674000.0
2011-03-31;7.06;20257;14614000.0;8823000.0
2011-03-31;7.07;20257;178237000.0;168497000.0
2011-03-31;7.08;20257;178237000.0;168497000.0
2011-06-30;1.01;20257;1015506000.0;1081396000.0
2011-06-30;1.01.01;20257;356012000.0;414578000.0
2011-06-30;1.01.02;20257;0.0;0.0
2011-06-30;1.01.03;20257;639443000.0;634773000.0
2011-06-30;1.01.04;20257;786000.0;786000.0
2011-06-30;1.02.01;20257;3294360000.0;3477534000.0
2011-06-30;1.02.02;20257;0.0;0.0
2011-06-30;1.02.03;20257;12622000.0;12741000.0
2011-06-30;1.02.04;20257;4022000.0;4159000.0
2011-06-30;2.01;20257;457749000.0;308216000.0
2011-06-30;2.01.02;20257;5017000.0;11578000.0
2011-06-30;2.01.03;20257;4680000.0;16189000.0
2011-06-30;2.01.04;20257;88673000.0;54017000.0
2011-06-30;2.01.05;20257;359379000.0;226432000.0
2011-06-30;2.02.01;20257;1488052000.0;1487279000.0
2011-06-30;2.02.02;20257;9601000.0;7509000.0
2011-06-30;2.02.03;20257;253729000.0;264013000.0
2011-06-30;2.02.04;20257;459000.0;459000.0
2011-06-30;2.03.01;20257;1312536000.0;1312536000.0
2011-06-30;2.03.02;20257;594507000.0;594507000.0
2011-06-30;2.03.04;20257;64297000.0;601311000.0
2011-06-30;3.01;20257;162365000.0;164974000.0
2011-06-30;3.02;20257;-12760000.0;-14058000.0
2011-06-30;3.03;20257;149605000.0;150916000.0
2011-06-30;3.04;20257;-8158000.0;-10830000.0
2011-06-30;3.05;20257;141447000.0;140086000.0
2011-06-30;3.06;20257;-38917000.0;-31684000.0
2011-06-30;3.07;20257;102530000.0;108402000.0
2011-06-30;3.08;20257;-29784000.0;-36130000.0
2011-06-30;3.09;20257;72746000.0;72272000.0
2011-06-30;3.11;20257;72746000.0;72272000.0
2011-06-30;5.01;20257;2508354000.0;2207369000.0
2011-06-30;5.03;20257;2508354000.0;2207369000.0
2011-06-30;5.07;20257;2116920000.0;2348905000.0
2011-06-30;6.01;20257;357190000.0;289545000.0
2011-06-30;6.02;20257;60419000.0;-8062000.0
2011-06-30;6.03;20257;-476175000.0;-81492000.0
2011-06-30;6.05;20257;-58566000.0;199991000.0
2011-06-30;7.01;20257;349438000.0;355488000.0
2011-06-30;7.02;20257;-18151000.0;-24122000.0
2011-06-30;7.03;20257;331287000.0;331366000.0
2011-06-30;7.04.01;20257;-746000.0;-7308000.0
2011-06-30;7.05;20257;330541000.0;324058000.0
2011-06-30;7.06;20257;30930000.0;18466000.0
2011-06-30;7.07;20257;361471000.0;342524000.0
2011-06-30;7.08;20257;361471000.0;342524000.0
2011-09-30;1.01;20257;1200952000.0;1081675000.0
2011-09-30;1.01.01;20257;473778000.0;414578000.0
2011-09-30;1.01.02;20257;0.0;0.0
2011-09-30;1.01.03;20257;711161000.0;634822000.0
2011-09-30;1.01.04;20257;786000.0;786000.0
2011-09-30;1.02.01;20257;3487406000.0;3477534000.0
2011-09-30;1.02.02;20257;0.0;0.0
2011-09-30;1.02.03;20257;12949000.0;12741000.0
2011-09-30;1.02.04;20257;3953000.0;4159000.0
2011-09-30;2.01;20257;442348000.0;308495000.0
2011-09-30;2.01.02;20257;7542000.0;11578000.0
2011-09-30;2.01.03;20257;5302000.0;16468000.0
2011-09-30;2.01.04;20257;68669000.0;54017000.0
2011-09-30;2.01.05;20257;360835000.0;226432000.0
2011-09-30;2.02.01;20257;1484714000.0;1487279000.0
2011-09-30;2.02.02;20257;27186000.0;7509000.0
2011-09-30;2.02.03;20257;356672000.0;264013000.0
2011-09-30;2.02.04;20257;499000.0;459000.0
2011-09-30;2.03.01;20257;1312536000.0;1312536000.0
2011-09-30;2.03.02;20257;594507000.0;594507000.0
2011-09-30;2.03.04;20257;64297000.0;601311000.0
2011-09-30;3.01;20257;478061000.0;298297000.0
2011-09-30;3.02;20257;-13751000.0;-15507000.0
2011-09-30;3.03;20257;464310000.0;282790000.0
2011-09-30;3.04;20257;-10777000.0;-10436000.0
2011-09-30;3.05;20257;453533000.0;272354000.0
2011-09-30;3.06;20257;-38904000.0;-24925000.0
2011-09-30;3.07;20257;414629000.0;247429000.0
2011-09-30;3.08;20257;-137708000.0;-75670000.0
2011-09-30;3.09;20257;276921000.0;171759000.0
2011-09-30;3.11;20257;276921000.0;171759000.0
2011-09-30;5.01;20257;2508354000.0;2207369000.0
2011-09-30;5.03;20257;2508354000.0;2207369000.0
2011-09-30;5.07;20257;2393841000.0;2520664000.0
2011-09-30;6.01;20257;548787000.0;446271000.0
2011-09-30;6.02;20257;59732000.0;-14334000.0
2011-09-30;6.03;20257;-549319000.0;-132256000.0
2011-09-30;6.05;20257;59200000.0;299681000.0
2011-09-30;7.01;20257;853295000.0;671653000.0
2011-09-30;7.02;20257;-29553000.0;-34594000.0
2011-09-30;7.03;20257;823742000.0;637059000.0
2011-09-30;7.04.01;20257;-1117000.0;-10996000.0
2011-09-30;7.05;20257;822625000.0;626063000.0
2011-09-30;7.06;20257;43203000.0;35888000.0
2011-09-30;7.07;20257;865828000.0;661951000.0
2011-09-30;7.08;20257;865828000.0;661951000.0
2012-03-31;1.01;20257;1754579000.0;1556749000.0
2012-03-31;1.01.01;20257;691090000.0;495406000.0
2012-03-31;1.01.02;20257;0.0;0.0
2012-03-31;1.01.03;20257;1004641000.0;996845000.0
2012-03-31;1.01.04;20257;3099000.0;3099000.0
2012-03-31;1.02.01;20257;4832303000.0;4907087000.0
2012-03-31;1.02.02;20257;0.0;0.0
2012-03-31;1.02.03;20257;14292000.0;13940000.0
2012-03-31;1.02.04;20257;6369000.0;6447000.0
2012-03-31;2.01;20257;1703948000.0;1647891000.0
2012-03-31;2.01.02;20257;14772000.0;33009000.0
2012-03-31;2.01.03;20257;19873000.0;13961000.0
2012-03-31;2.01.04;20257;1378329000.0;1307947000.0
2012-03-31;2.01.05;20257;290974000.0;292974000.0
2012-03-31;2.02.01;20257;1989889000.0;2015405000.0
2012-03-31;2.02.02;20257;38083000.0;33553000.0
2012-03-31;2.02.03;20257;526400000.0;533953000.0
2012-03-31;2.02.04;20257;929000.0;949000.0
2012-03-31;2.03.01;20257;1312536000.0;1312536000.0
2012-03-31;2.03.02;20257;594507000.0;594507000.0
2012-03-31;2.03.04;20257;345429000.0;345429000.0
2012-03-31;3.01;20257;234377000.0;157946000.0
2012-03-31;3.02;20257;-19627000.0;-12129000.0
2012-03-31;3.03;20257;214750000.0;145817000.0
2012-03-31;3.04;20257;-14463000.0;-7046000.0
2012-03-31;3.05;20257;200287000.0;138771000.0
2012-03-31;3.06;20257;-64751000.0;-35769000.0
2012-03-31;3.07;20257;135536000.0;103002000.0
2012-03-31;3.08;20257;-39714000.0;-30168000.0
2012-03-31;3.09;20257;95822000.0;72834000.0
2012-03-31;3.11;20257;95822000.0;72834000.0
2012-03-31;5.01;20257;2252472000.0;2508354000.0
2012-03-31;5.03;20257;2252472000.0;2508354000.0
2012-03-31;5.07;20257;2348294000.0;2581188000.0
2012-03-31;6.01;20257;226708000.0;173211000.0
2012-03-31;6.02;20257;-2835000.0;60962000.0
2012-03-31;6.03;20257;-28189000.0;-8315000.0
2012-03-31;6.05;20257;195684000.0;225858000.0
2012-03-31;7.01;20257;256031000.0;172055000.0
2012-03-31;7.02;20257;-19417000.0;-8059000.0
2012-03-31;7.03;20257;236614000.0;163996000.0
2012-03-31;7.04.01;20257;-406000.0;-373000.0
2012-03-31;7.05;20257;236208000.0;163623000.0
2012-03-31;7.06;20257;45240000.0;14614000.0
2012-03-31;7.07;20257;281448000.0;178237000.0
2012-03-31;7.08;20257;281448000.0;178237000.0
2012-06-30;1.01;20257;2578940000.0;1556749000.0
2012-06-30;1.01.01;20257;1529686000.0;495406000.0
2012-06-30;1.01.02;20257;0.0;0.0
2012-06-30;1.01.03;20257;1011221000.0;999944000.0
2012-06-30;1.01.04;20257;0.0;0.0
2012-06-30;1.02.01;20257;4503117000.0;4615235000.0
2012-06-30;1.02.02;20257;0.0;0.0
2012-06-30;1.02.03;20257;14825000.0;13940000.0
2012-06-30;1.02.04;20257;6270000.0;6447000.0
2012-06-30;2.01;20257;2627695000.0;1647891000.0
2012-06-30;2.01.02;20257;12867000.0;33009000.0
2012-06-30;2.01.03;20257;17509000.0;13961000.0
2012-06-30;2.01.04;20257;2310695000.0;1307947000.0
2012-06-30;2.01.05;20257;286624000.0;292974000.0
2012-06-30;2.02.01;20257;1993490000.0;2015405000.0
2012-06-30;2.02.02;20257;46250000.0;33553000.0
2012-06-30;2.02.03;20257;226242000.0;242101000.0
2012-06-30;2.02.04;20257;1502000.0;949000.0
2012-06-30;2.03.01;20257;1312536000.0;1312536000.0
2012-06-30;2.03.02;20257;594507000.0;594507000.0
2012-06-30;2.03.04;20257;131162000.0;345429000.0
2012-06-30;3.01;20257;216852000.0;150608000.0
2012-06-30;3.02;20257;-21065000.0;-12760000.0
2012-06-30;3.03;20257;195787000.0;137848000.0
2012-06-30;3.04;20257;-19265000.0;-8158000.0
2012-06-30;3.05;20257;176522000.0;129690000.0
2012-06-30;3.06;20257;-95716000.0;-38917000.0
2012-06-30;3.07;20257;80806000.0;90773000.0
2012-06-30;3.08;20257;-6860000.0;-18027000.0
2012-06-30;3.09;20257;73946000.0;72746000.0
2012-06-30;3.11;20257;73946000.0;72746000.0
2012-06-30;5.01;20257;2252472000.0;2508354000.0
2012-06-30;5.03;20257;2252472000.0;2508354000.0
2012-06-30;5.07;20257;2207973000.0;2116920000.0
2012-06-30;6.01;20257;459605000.0;357190000.0
2012-06-30;6.02;20257;-4239000.0;60419000.0
2012-06-30;6.03;20257;578914000.0;-476175000.0
2012-06-30;6.05;20257;1034280000.0;-58566000.0
2012-06-30;7.01;20257;478503000.0;330056000.0
2012-06-30;7.02;20257;-46007000.0;-18151000.0
2012-06-30;7.03;20257;432496000.0;311905000.0
2012-06-30;7.04.01;20257;-801000.0;-746000.0
2012-06-30;7.05;20257;431695000.0;311159000.0
2012-06-30;7.06;20257;86158000.0;30930000.0
2012-06-30;7.07;20257;517853000.0;342089000.0
2012-06-30;7.08;20257;517853000.0;342089000.0
2012-09-30;1.01;20257;4023306000.0;1556749000.0
2012-09-30;1.01.01;20257;813234000.0;495406000.0
2012-09-30;1.01.02;20257;1887626000.0;0.0
2012-09-30;1.01.03;20257;1209127000.0;958731000.0
2012-09-30;1.01.04;20257;0.0;0.0
2012-09-30;1.02.01;20257;5877768000.0;4615235000.0
2012-09-30;1.02.02;20257;0.0;0.0
2012-09-30;1.02.03;20257;16394000.0;13940000.0
2012-09-30;1.02.04;20257;6045000.0;6447000.0
2012-09-30;2.01;20257;2946985000.0;1647891000.0
2012-09-30;2.01.02;20257;44908000.0;33009000.0
2012-09-30;2.01.03;20257;20853000.0;13961000.0
2012-09-30;2.01.04;20257;2596982000.0;1307947000.0
2012-09-30;2.01.05;20257;284242000.0;292974000.0
2012-09-30;2.02.01;20257;2204503000.0;2015405000.0
2012-09-30;2.02.02;20257;47240000.0;33553000.0
2012-09-30;2.02.03;20257;486627000.0;242101000.0
2012-09-30;2.02.04;20257;1307000.0;949000.0
2012-09-30;2.03.01;20257;3041872000.0;1312536000.0
2012-09-30;2.03.02;20257;594507000.0;594507000.0
2012-09-30;2.03.04;20257;131162000.0;345429000.0
2012-09-30;3.01;20257;539614000.0;465263000.0
2012-09-30;3.02;20257;-35129000.0;-13751000.0
2012-09-30;3.03;20257;504485000.0;451512000.0
2012-09-30;3.04;20257;31275000.0;-10777000.0
2012-09-30;3.05;20257;535760000.0;440735000.0
2012-09-30;3.06;20257;-59579000.0;-38904000.0
2012-09-30;3.07;20257;476181000.0;401831000.0
2012-09-30;3.08;20257;-176639000.0;-124910000.0
2012-09-30;3.09;20257;299542000.0;276921000.0
2012-09-30;3.11;20257;299542000.0;276921000.0
2012-09-30;5.01;20257;2252472000.0;2508354000.0
2012-09-30;5.03;20257;2252472000.0;2508354000.0
2012-09-30;5.07;20257;4236851000.0;2393841000.0
2012-09-30;6.01;20257;724365000.0;548787000.0
2012-09-30;6.02;20257;-2611865000.0;59732000.0
2012-09-30;6.03;20257;2205328000.0;-549319000.0
2012-09-30;6.05;20257;317828000.0;59200000.0
2012-09-30;7.01;20257;1059637000.0;821115000.0
2012-09-30;7.02;20257;-79194000.0;-29553000.0
2012-09-30;7.03;20257;980443000.0;791562000.0
2012-09-30;7.04.01;20257;-1307000.0;-1117000.0
2012-09-30;7.05;20257;979136000.0;790445000.0
2012-09-30;7.06;20257;125321000.0;43203000.0
2012-09-30;7.07;20257;1104457000.0;833648000.0
2012-09-30;7.08;20257;1104457000.0;833648000.0
2013-03-31;1.01;20257;3724741000.0;3762674000.0
2013-03-31;1.01.01;20257;490462000.0;538696000.0
2013-03-31;1.01.02;20257;1948085000.0;1938765000.0
2013-03-31;1.01.03;20257;1171192000.0;1161356000.0
2013-03-31;1.01.04;20257;0.0;0.0
2013-03-31;1.02.01;20257;5474944000.0;5635748000.0
2013-03-31;1.02.02;20257;164247000.0;161733000.0
2013-03-31;1.02.03;20257;17132000.0;17458000.0
2013-03-31;1.02.04;20257;7408000.0;7294000.0
2013-03-31;2.01;20257;627058000.0;642962000.0
2013-03-31;2.01.02;20257;20741000.0;26417000.0
2013-03-31;2.01.03;20257;16194000.0;21548000.0
2013-03-31;2.01.04;20257;409663000.0;421715000.0
2013-03-31;2.01.05;20257;180460000.0;173282000.0
2013-03-31;2.02.01;20257;4123294000.0;4316320000.0
2013-03-31;2.02.02;20257;53360000.0;47910000.0
2013-03-31;2.02.03;20257;313828000.0;477519000.0
2013-03-31;2.02.04;20257;2543000.0;2953000.0
2013-03-31;2.03.01;20257;3042035000.0;3042035000.0
2013-03-31;2.03.02;20257;594507000.0;594507000.0
2013-03-31;2.03.04;20257;460701000.0;460701000.0
2013-03-31;3.01;20257;263268000.0;178047000.0
2013-03-31;3.02;20257;-51017000.0;-15228000.0
2013-03-31;3.03;20257;212251000.0;162819000.0
2013-03-31;3.04;20257;-16442000.0;14911000.0
2013-03-31;3.05;20257;195809000.0;177730000.0
2013-03-31;3.06;20257;-63861000.0;-68364000.0
2013-03-31;3.07;20257;131948000.0;109366000.0
2013-03-31;3.08;20257;39198000.0;-13544000.0
2013-03-31;3.09;20257;171146000.0;95822000.0
2013-03-31;3.11;20257;171146000.0;95822000.0
2013-03-31;5.01;20257;4097243000.0;2252472000.0
2013-03-31;5.03;20257;4097243000.0;2252472000.0
2013-03-31;5.07;20257;4268389000.0;2348294000.0
2013-03-31;6.01;20257;265565000.0;205040000.0
2013-03-31;6.02;20257;-5392000.0;-1078000.0
2013-03-31;6.03;20257;-308407000.0;-15176000.0
2013-03-31;6.05;20257;-48234000.0;188786000.0
2013-03-31;7.01;20257;289195000.0;193974000.0
2013-03-31;7.02;20257;-51392000.0;-14409000.0
2013-03-31;7.03;20257;237803000.0;179565000.0
2013-03-31;7.04.01;20257;-439000.0;-368000.0
2013-03-31;7.05;20257;237364000.0;179197000.0
2013-03-31;7.06;20257;44189000.0;38154000.0
2013-03-31;7.07;20257;281553000.0;217351000.0
2013-03-31;7.08;20257;281553000.0;217351000.0
2013-06-30;1.01;20257;1903437000.0;3762674000.0
2013-06-30;1.01.01;20257;131378000.0;538696000.0
2013-06-30;1.01.02;20257;0.0;0.0
2013-06-30;1.01.03;20257;148075000.0;155073000.0
2013-06-30;1.01.04;20257;0.0;0.0
2013-06-30;1.02.01;20257;5377029000.0;5635748000.0
2013-06-30;1.02.02;20257;1855758000.0;161733000.0
2013-06-30;1.02.03;20257;17986000.0;17458000.0
2013-06-30;1.02.04;20257;7458000.0;7294000.0
2013-06-30;2.01;20257;907897000.0;642962000.0
2013-06-30;2.01.02;20257;17704000.0;26417000.0
2013-06-30;2.01.03;20257;14760000.0;21548000.0
2013-06-30;2.01.04;20257;796212000.0;421715000.0
2013-06-30;2.01.05;20257;79221000.0;173282000.0
2013-06-30;2.02.01;20257;3791188000.0;4316320000.0
2013-06-30;2.02.02;20257;40784000.0;47910000.0
2013-06-30;2.02.03;20257;308125000.0;477519000.0
2013-06-30;2.02.04;20257;2524000.0;2953000.0
2013-06-30;2.03.01;20257;3042035000.0;3042035000.0
2013-06-30;2.03.02;20257;594507000.0;594507000.0
2013-06-30;2.03.04;20257;201059000.0;460701000.0
2013-06-30;3.01;20257;263355000.0;176519000.0
2013-06-30;3.02;20257;-47531000.0;-13867000.0
2013-06-30;3.03;20257;215824000.0;162652000.0
2013-06-30;3.04;20257;-18092000.0;-12292000.0
2013-06-30;3.05;20257;197732000.0;150360000.0
2013-06-30;3.06;20257;-91961000.0;-62494000.0
2013-06-30;3.07;20257;105771000.0;87866000.0
2013-06-30;3.08;20257;-3368000.0;-13920000.0
2013-06-30;3.09;20257;102403000.0;73946000.0
2013-06-30;3.11;20257;102403000.0;73946000.0
2013-06-30;5.01;20257;4097243000.0;2252472000.0
2013-06-30;5.03;20257;4097243000.0;2252472000.0
2013-06-30;5.07;20257;4111150000.0;2207973000.0
2013-06-30;6.01;20257;517537000.0;401038000.0
2013-06-30;6.02;20257;-180216000.0;-1865000.0
2013-06-30;6.03;20257;-744639000.0;618793000.0
2013-06-30;6.05;20257;-407318000.0;1017966000.0
2013-06-30;7.01;20257;577992000.0;386327000.0
2013-06-30;7.02;20257;-101422000.0;-31984000.0
2013-06-30;7.03;20257;476570000.0;354343000.0
2013-06-30;7.04.01;20257;-855000.0;-737000.0
2013-06-30;7.05;20257;475715000.0;353606000.0
2013-06-30;7.06;20257;88420000.0;60949000.0
2013-06-30;7.07;20257;564135000.0;414555000.0
2013-06-30;7.08;20257;564135000.0;414555000.0
2013-09-30;1.01;20257;1973895000.0;3762674000.0
2013-09-30;1.01.01;20257;152056000.0;538696000.0
2013-09-30;1.01.02;20257;0.0;0.0
2013-09-30;1.01.03;20257;160085000.0;155073000.0
2013-09-30;1.01.04;20257;0.0;0.0
2013-09-30;1.02.01;20257;5547309000.0;5635748000.0
2013-09-30;1.02.02;20257;1970530000.0;161733000.0
2013-09-30;1.02.03;20257;22189000.0;17458000.0
2013-09-30;1.02.04;20257;7457000.0;7294000.0
2013-09-30;2.01;20257;976551000.0;642962000.0
2013-09-30;2.01.02;20257;31595000.0;26417000.0
2013-09-30;2.01.03;20257;35143000.0;21548000.0
2013-09-30;2.01.04;20257;824609000.0;421715000.0
2013-09-30;2.01.05;20257;85204000.0;173282000.0
2013-09-30;2.02.01;20257;3589611000.0;4316320000.0
2013-09-30;2.02.02;20257;40701000.0;47910000.0
2013-09-30;2.02.03;20257;322896000.0;477519000.0
2013-09-30;2.02.04;20257;2524000.0;2953000.0
2013-09-30;2.03.01;20257;3042035000.0;3042035000.0
2013-09-30;2.03.02;20257;594507000.0;594507000.0
2013-09-30;2.03.04;20257;201059000.0;460701000.0
2013-09-30;3.01;20257;612044000.0;527621000.0
2013-09-30;3.02;20257;-45014000.0;-34236000.0
2013-09-30;3.03;20257;567030000.0;493385000.0
2013-09-30;3.04;20257;127411000.0;39834000.0
2013-09-30;3.05;20257;694441000.0;533219000.0
2013-09-30;3.06;20257;-98203000.0;-58781000.0
2013-09-30;3.07;20257;596238000.0;474438000.0
2013-09-30;3.08;20257;-118291000.0;-174896000.0
2013-09-30;3.09;20257;477947000.0;299542000.0
2013-09-30;3.11;20257;477947000.0;299542000.0
2013-09-30;5.01;20257;4097243000.0;2252472000.0
2013-09-30;5.03;20257;4097243000.0;2252472000.0
2013-09-30;5.07;20257;4589097000.0;4236851000.0
2013-09-30;6.01;20257;837010000.0;662841000.0
2013-09-30;6.02;20257;-212574000.0;-2388887000.0
2013-09-30;6.03;20257;-1011076000.0;2242309000.0
2013-09-30;6.05;20257;-386640000.0;516263000.0
2013-09-30;7.01;20257;1235401000.0;954348000.0
2013-09-30;7.02;20257;-145839000.0;-63962000.0
2013-09-30;7.03;20257;1089562000.0;890386000.0
2013-09-30;7.04.01;20257;-1369000.0;-1212000.0
2013-09-30;7.05;20257;1088193000.0;889174000.0
2013-09-30;7.06;20257;248183000.0;159995000.0
2013-09-30;7.07;20257;1336376000.0;1049169000.0
2013-09-30;7.08;20257;1336376000.0;1049169000.0
2014-03-31;1.01;20257;2107394000.0;1788028000.0
2014-03-31;1.01.01;20257;212137000.0;121140000.0
2014-03-31;1.01.02;20257;0.0;0.0
2014-03-31;1.01.03;20257;169618000.0;156844000.0
2014-03-31;1.01.04;20257;0.0;0.0
2014-03-31;1.02.01;20257;5404165000.0;5450144000.0
2014-03-31;1.02.02;20257;1896377000.0;1885077000.0
2014-03-31;1.02.03;20257;23319000.0;22861000.0
2014-03-31;1.02.04;20257;8173000.0;7969000.0
2014-03-31;2.01;20257;1213914000.0;1097570000.0
2014-03-31;2.01.02;20257;27873000.0;34012000.0
2014-03-31;2.01.03;20257;40181000.0;10764000.0
2014-03-31;2.01.04;20257;1029046000.0;942160000.0
2014-03-31;2.01.05;20257;116814000.0;110634000.0
2014-03-31;2.02.01;20257;3487784000.0;3425203000.0
2014-03-31;2.02.02;20257;9698000.0;10907000.0
2014-03-31;2.02.03;20257;308471000.0;312344000.0
2014-03-31;2.02.04;20257;2991000.0;2991000.0
2014-03-31;2.03.01;20257;3042035000.0;3042035000.0
2014-03-31;2.03.02;20257;594507000.0;594507000.0
2014-03-31;2.03.04;20257;668522000.0;668522000.0
2014-03-31;3.01;20257;267537000.0;263268000.0
2014-03-31;3.02;20257;-37713000.0;-51017000.0
2014-03-31;3.03;20257;229824000.0;212251000.0
2014-03-31;3.04;20257;7540000.0;-16442000.0
2014-03-31;3.05;20257;237364000.0;195809000.0
2014-03-31;3.06;20257;-102262000.0;-63861000.0
2014-03-31;3.07;20257;135102000.0;131948000.0
2014-03-31;3.08;20257;-23596000.0;39198000.0
2014-03-31;3.09;20257;111506000.0;171146000.0
2014-03-31;3.11;20257;111506000.0;171146000.0
2014-03-31;5.01;20257;4305064000.0;4097243000.0
2014-03-31;5.03;20257;4305064000.0;4097243000.0
2014-03-31;5.07;20257;4416570000.0;4268389000.0
2014-03-31;6.01;20257;281013000.0;266685000.0
2014-03-31;6.02;20257;-225723000.0;-6512000.0
2014-03-31;6.03;20257;35707000.0;-308407000.0
2014-03-31;6.05;20257;90997000.0;-48234000.0
2014-03-31;7.01;20257;293713000.0;289195000.0
2014-03-31;7.02;20257;-32254000.0;-51392000.0
2014-03-31;7.03;20257;261459000.0;237803000.0
2014-03-31;7.04.01;20257;-386000.0;-439000.0
2014-03-31;7.05;20257;261073000.0;237364000.0
2014-03-31;7.06;20257;37220000.0;44189000.0
2014-03-31;7.07;20257;298293000.0;281553000.0
2014-03-31;7.08;20257;298293000.0;281553000.0
2014-06-30;1.01;20257;1856289000.0;1788028000.0
2014-06-30;1.01.01;20257;75352000.0;121140000.0
2014-06-30;1.01.02;20257;0.0;0.0
2014-06-30;1.01.03;20257;163863000.0;156844000.0
2014-06-30;1.01.04;20257;0.0;0.0
2014-06-30;1.02.01;20257;5184910000.0;5450144000.0
2014-06-30;1.02.02;20257;1810004000.0;1885077000.0
2014-06-30;1.02.03;20257;24119000.0;22861000.0
2014-06-30;1.02.04;20257;8516000.0;7969000.0
2014-06-30;2.01;20257;894663000.0;1097570000.0
2014-06-30;2.01.02;20257;30285000.0;34012000.0
2014-06-30;2.01.03;20257;60336000.0;10764000.0
2014-06-30;2.01.04;20257;691797000.0;942160000.0
2014-06-30;2.01.05;20257;112245000.0;110634000.0
2014-06-30;2.02.01;20257;3566155000.0;3425203000.0
2014-06-30;2.02.02;20257;9509000.0;10907000.0
2014-06-30;2.02.03;20257;303773000.0;312344000.0
2014-06-30;2.02.04;20257;1364000.0;2991000.0
2014-06-30;2.03.01;20257;3042035000.0;3042035000.0
2014-06-30;2.03.02;20257;594507000.0;594507000.0
2014-06-30;2.03.04;20257;280245000.0;668522000.0
2014-06-30;3.01;20257;259725000.0;263355000.0
2014-06-30;3.02;20257;-32106000.0;-47531000.0
2014-06-30;3.03;20257;227619000.0;215824000.0
2014-06-30;3.04;20257;4298000.0;-18092000.0
2014-06-30;3.05;20257;231917000.0;197732000.0
2014-06-30;3.06;20257;-119696000.0;-91961000.0
2014-06-30;3.07;20257;112221000.0;105771000.0
2014-06-30;3.08;20257;-32140000.0;-3368000.0
2014-06-30;3.09;20257;80081000.0;102403000.0
2014-06-30;3.11;20257;80081000.0;102403000.0
2014-06-30;5.01;20257;4305064000.0;4097243000.0
2014-06-30;5.03;20257;4305064000.0;4097243000.0
2014-06-30;5.07;20257;4108374000.0;4111150000.0
2014-06-30;6.01;20257;693386000.0;517537000.0
2014-06-30;6.02;20257;16071000.0;-180216000.0
2014-06-30;6.03;20257;-755245000.0;-744639000.0
2014-06-30;6.05;20257;-45788000.0;-407318000.0
2014-06-30;7.01;20257;579713000.0;577992000.0
2014-06-30;7.02;20257;-59557000.0;-101422000.0
2014-06-30;7.03;20257;520156000.0;476570000.0
2014-06-30;7.04.01;20257;-735000.0;-855000.0
2014-06-30;7.05;20257;519421000.0;475715000.0
2014-06-30;7.06;20257;75737000.0;88420000.0
2014-06-30;7.07;20257;595158000.0;564135000.0
2014-06-30;7.08;20257;595158000.0;564135000.0
2014-09-30;1.01;20257;2344385000.0;1788028000.0
2014-09-30;1.01.01;20257;289311000.0;121140000.0
2014-09-30;1.01.02;20257;0.0;0.0
2014-09-30;1.01.03;20257;214232000.0;156844000.0
2014-09-30;1.01.04;20257;0.0;0.0
2014-09-30;1.02.01;20257;5236527000.0;5450144000.0
2014-09-30;1.02.02;20257;1723883000.0;1885077000.0
2014-09-30;1.02.03;20257;20447000.0;22861000.0
2014-09-30;1.02.04;20257;8974000.0;7969000.0
2014-09-30;2.01;20257;965222000.0;1097570000.0
2014-09-30;2.01.02;20257;33088000.0;34012000.0
2014-09-30;2.01.03;20257;105160000.0;10764000.0
2014-09-30;2.01.04;20257;732661000.0;942160000.0
2014-09-30;2.01.05;20257;94313000.0;110634000.0
2014-09-30;2.02.01;20257;3393327000.0;3425203000.0
2014-09-30;2.02.02;20257;50411000.0;10907000.0
2014-09-30;2.02.03;20257;317897000.0;312344000.0
2014-09-30;2.02.04;20257;1364000.0;2991000.0
2014-09-30;2.03.01;20257;3042035000.0;3042035000.0
2014-09-30;2.03.02;20257;594507000.0;594507000.0
2014-09-30;2.03.04;20257;280245000.0;668522000.0
2014-09-30;3.01;20257;622103000.0;612044000.0
2014-09-30;3.02;20257;-42717000.0;-45014000.0
2014-09-30;3.03;20257;579386000.0;567030000.0
2014-09-30;3.04;20257;162978000.0;127411000.0
2014-09-30;3.05;20257;742364000.0;694441000.0
2014-09-30;3.06;20257;-88764000.0;-98203000.0
2014-09-30;3.07;20257;653600000.0;596238000.0
2014-09-30;3.08;20257;-155979000.0;-118291000.0
2014-09-30;3.09;20257;497621000.0;477947000.0
2014-09-30;3.11;20257;497621000.0;477947000.0
2014-09-30;5.01;20257;4305064000.0;4097243000.0
2014-09-30;5.03;20257;4305064000.0;4097243000.0
2014-09-30;5.07;20257;4605995000.0;4589097000.0
2014-09-30;6.01;20257;1298618000.0;837010000.0
2014-09-30;6.02;20257;-97083000.0;-212574000.0
2014-09-30;6.03;20257;-1033364000.0;-1011076000.0
2014-09-30;6.05;20257;168171000.0;-386640000.0
2014-09-30;7.01;20257;1261444000.0;1235401000.0
2014-09-30;7.02;20257;-95329000.0;-145839000.0
2014-09-30;7.03;20257;1166115000.0;1089562000.0
2014-09-30;7.04.01;20257;-1080000.0;-1369000.0
2014-09-30;7.05;20257;1165035000.0;1088193000.0
2014-09-30;7.06;20257;260238000.0;248183000.0
2014-09-30;7.07;20257;1425273000.0;1336376000.0
2014-09-30;7.08;20257;1425273000.0;1336376000.0
2015-03-31;1.01;20257;2333210000.0;1786946000.0
2015-03-31;1.01.01;20257;117181000.0;101853000.0
2015-03-31;1.01.02;20257;0.0;0.0
2015-03-31;1.01.03;20257;188421000.0;206687000.0
2015-03-31;1.01.04;20257;0.0;0.0
2015-03-31;1.02.01;20257;5124684000.0;5132209000.0
2015-03-31;1.02.02;20257;1689068000.0;1702158000.0
2015-03-31;1.02.03;20257;23400000.0;24175000.0
2015-03-31;1.02.04;20257;13592000.0;13300000.0
2015-03-31;2.01;20257;847935000.0;751767000.0
2015-03-31;2.01.02;20257;26992000.0;37133000.0
2015-03-31;2.01.03;20257;10755000.0;11996000.0
2015-03-31;2.01.04;20257;709847000.0;605806000.0
2015-03-31;2.01.05;20257;100341000.0;96832000.0
2015-03-31;2.02.01;20257;3383930000.0;3239588000.0
2015-03-31;2.02.02;20257;137078000.0;93089000.0
2015-03-31;2.02.03;20257;387323000.0;348589000.0
2015-03-31;2.02.04;20257;1123000.0;1123000.0
2015-03-31;2.03.01;20257;3042035000.0;3042035000.0
2015-03-31;2.03.02;20257;594507000.0;594507000.0
2015-03-31;2.03.04;20257;588090000.0;588090000.0
2015-03-31;3.01;20257;342526000.0;267537000.0
2015-03-31;3.02;20257;-21879000.0;-37713000.0
2015-03-31;3.03;20257;320647000.0;229824000.0
2015-03-31;3.04;20257;36167000.0;7540000.0
2015-03-31;3.05;20257;356814000.0;237364000.0
2015-03-31;3.06;20257;-137391000.0;-102262000.0
2015-03-31;3.07;20257;219423000.0;135102000.0
2015-03-31;3.08;20257;-17490000.0;-23596000.0
2015-03-31;3.09;20257;201933000.0;111506000.0
2015-03-31;3.11;20257;201933000.0;111506000.0
2015-03-31;5.01;20257;4224632000.0;4305064000.0
2015-03-31;5.03;20257;4224632000.0;4305064000.0
2015-03-31;5.07;20257;4426565000.0;4416570000.0
2015-03-31;6.01;20257;429047000.0;281013000.0
2015-03-31;6.02;20257;-404591000.0;-225723000.0
2015-03-31;6.03;20257;-9128000.0;35707000.0
2015-03-31;6.05;20257;15328000.0;90997000.0
2015-03-31;7.01;20257;380080000.0;293713000.0
2015-03-31;7.02;20257;-19488000.0;-32254000.0
2015-03-31;7.03;20257;360592000.0;261459000.0
2015-03-31;7.04.01;20257;-405000.0;-386000.0
2015-03-31;7.05;20257;360187000.0;261073000.0
2015-03-31;7.06;20257;69007000.0;37220000.0
2015-03-31;7.07;20257;429194000.0;298293000.0
2015-03-31;7.08;20257;429194000.0;298293000.0
2015-06-30;1.01;20257;2320501000.0;1786946000.0
2015-06-30;1.01.01;20257;18645000.0;101853000.0
2015-06-30;1.01.02;20257;0.0;0.0
2015-06-30;1.01.03;20257;191665000.0;206687000.0
2015-06-30;1.01.04;20257;0.0;0.0
2015-06-30;1.02.01;20257;5042392000.0;5132209000.0
2015-06-30;1.02.02;20257;1740839000.0;1702158000.0
2015-06-30;1.02.03;20257;22743000.0;24175000.0
2015-06-30;1.02.04;20257;14147000.0;13300000.0
2015-06-30;2.01;20257;1225300000.0;751767000.0
2015-06-30;2.01.02;20257;23939000.0;37133000.0
2015-06-30;2.01.03;20257;17141000.0;11996000.0
2015-06-30;2.01.04;20257;1087827000.0;605806000.0
2015-06-30;2.01.05;20257;96393000.0;96832000.0
2015-06-30;2.02.01;20257;2930829000.0;3239588000.0
2015-06-30;2.02.02;20257;186316000.0;93089000.0
2015-06-30;2.02.03;20257;384725000.0;348589000.0
2015-06-30;2.02.04;20257;1123000.0;1123000.0
2015-06-30;2.03.01;20257;3042035000.0;3042035000.0
2015-06-30;2.03.02;20257;594507000.0;594507000.0
2015-06-30;2.03.04;20257;333333000.0;588090000.0
2015-06-30;3.01;20257;392192000.0;259725000.0
2015-06-30;3.02;20257;-25606000.0;-32106000.0
2015-06-30;3.03;20257;366586000.0;227619000.0
2015-06-30;3.04;20257;34943000.0;4298000.0
2015-06-30;3.05;20257;401529000.0;231917000.0
2015-06-30;3.06;20257;-115547000.0;-119696000.0
2015-06-30;3.07;20257;285982000.0;112221000.0
2015-06-30;3.08;20257;-45461000.0;-32140000.0
2015-06-30;3.09;20257;240521000.0;80081000.0
2015-06-30;3.11;20257;240521000.0;80081000.0
2015-06-30;5.01;20257;4224632000.0;4305064000.0
2015-06-30;5.03;20257;4224632000.0;4305064000.0
2015-06-30;5.07;20257;4412329000.0;4108374000.0
2015-06-30;6.01;20257;859282000.0;693386000.0
2015-06-30;6.02;20257;-523830000.0;16071000.0
2015-06-30;6.03;20257;-418660000.0;-755245000.0
2015-06-30;6.05;20257;-83208000.0;-45788000.0
2015-06-30;7.01;20257;812040000.0;579713000.0
2015-06-30;7.02;20257;-44838000.0;-59557000.0
2015-06-30;7.03;20257;767202000.0;520156000.0
2015-06-30;7.04.01;20257;-794000.0;-735000.0
2015-06-30;7.05;20257;766408000.0;519421000.0
2015-06-30;7.06;20257;144280000.0;75737000.0
2015-06-30;7.07;20257;910688000.0;595158000.0
2015-06-30;7.08;20257;910688000.0;595158000.0
2015-09-30;1.01;20257;2359720000.0;1786946000.0
2015-09-30;1.01.01;20257;327928000.0;101853000.0
2015-09-30;1.01.02;20257;0.0;0.0
2015-09-30;1.01.03;20257;177668000.0;206687000.0
2015-09-30;1.01.04;20257;0.0;0.0
2015-09-30;1.02.01;20257;4967390000.0;5132209000.0
2015-09-30;1.02.02;20257;1676817000.0;1702158000.0
2015-09-30;1.02.03;20257;22205000.0;24175000.0
2015-09-30;1.02.04;20257;14959000.0;13300000.0
2015-09-30;2.01;20257;1184846000.0;751767000.0
2015-09-30;2.01.02;20257;28109000.0;37133000.0
2015-09-30;2.01.03;20257;12021000.0;11996000.0
2015-09-30;2.01.04;20257;1038356000.0;605806000.0
2015-09-30;2.01.05;20257;106360000.0;96832000.0
2015-09-30;2.02.01;20257;2956047000.0;3239588000.0
2015-09-30;2.02.02;20257;170261000.0;93089000.0
2015-09-30;2.02.03;20257;465932000.0;348589000.0
2015-09-30;2.02.04;20257;2725000.0;1123000.0
2015-09-30;2.03.01;20257;3042035000.0;3042035000.0
2015-09-30;2.03.02;20257;594507000.0;594507000.0
2015-09-30;2.03.04;20257;333333000.0;588090000.0
2015-09-30;3.01;20257;348237000.0;622103000.0
2015-09-30;3.02;20257;-37245000.0;-42717000.0
2015-09-30;3.03;20257;310992000.0;579386000.0
2015-09-30;3.04;20257;1594000.0;162978000.0
2015-09-30;3.05;20257;312586000.0;742364000.0
2015-09-30;3.06;20257;-96736000.0;-88764000.0
2015-09-30;3.07;20257;215850000.0;653600000.0
2015-09-30;3.08;20257;-56857000.0;-155979000.0
2015-09-30;3.09;20257;158993000.0;497621000.0
2015-09-30;3.11;20257;158993000.0;497621000.0
2015-09-30;5.01;20257;4224632000.0;4305064000.0
2015-09-30;5.03;20257;4224632000.0;4305064000.0
2015-09-30;5.07;20257;4261280000.0;4605995000.0
2015-09-30;6.01;20257;1311407000.0;1298618000.0
2015-09-30;6.02;20257;-85095000.0;-97083000.0
2015-09-30;6.03;20257;-1000237000.0;-1033364000.0
2015-09-30;6.05;20257;226075000.0;168171000.0
2015-09-30;7.01;20257;1195651000.0;1261444000.0
2015-09-30;7.02;20257;-81899000.0;-95329000.0
2015-09-30;7.03;20257;1113752000.0;1166115000.0
2015-09-30;7.04.01;20257;-1222000.0;-1080000.0
2015-09-30;7.05;20257;1112530000.0;1165035000.0
2015-09-30;7.06;20257;192778000.0;260238000.0
2015-09-30;7.07;20257;1305308000.0;1425273000.0
2015-09-30;7.08;20257;1305308000.0;1425273000.0
2016-03-31;1.01;20257;2185895000.0;2082212000.0
2016-03-31;1.01.01;20257;432163000.0;132441000.0
2016-03-31;1.01.02;20257;0.0;0.0
2016-03-31;1.01.03;20257;169362000.0;165088000.0
2016-03-31;1.01.04;20257;0.0;0.0
2016-03-31;1.02.01;20257;4987556000.0;5011048000.0
2016-03-31;1.02.02;20257;1728113000.0;1725764000.0
2016-03-31;1.02.03;20257;21723000.0;22805000.0
2016-03-31;1.02.04;20257;20191000.0;20629000.0
2016-03-31;2.01;20257;503670000.0;1008424000.0
2016-03-31;2.01.02;20257;19306000.0;33712000.0
2016-03-31;2.01.03;20257;70386000.0;24493000.0
2016-03-31;2.01.04;20257;308610000.0;864554000.0
2016-03-31;2.01.05;20257;105368000.0;85665000.0
2016-03-31;2.02.01;20257;3200660000.0;2807991000.0
2016-03-31;2.02.02;20257;135305000.0;153809000.0
2016-03-31;2.02.03;20257;471993000.0;514109000.0
2016-03-31;2.02.04;20257;1100000.0;1060000.0
2016-03-31;2.03.01;20257;3042035000.0;3042035000.0
2016-03-31;2.03.02;20257;594507000.0;594507000.0
2016-03-31;2.03.04;20257;740523000.0;740523000.0
2016-03-31;3.01;20257;404973000.0;342526000.0
2016-03-31;3.02;20257;-14568000.0;-21879000.0
2016-03-31;3.03;20257;390405000.0;320647000.0
2016-03-31;3.04;20257;51055000.0;36167000.0
2016-03-31;3.05;20257;441460000.0;356814000.0
2016-03-31;3.06;20257;-133787000.0;-137391000.0
2016-03-31;3.07;20257;307673000.0;219423000.0
2016-03-31;3.08;20257;-53988000.0;-17490000.0
2016-03-31;3.09;20257;253685000.0;201933000.0
2016-03-31;3.11;20257;253685000.0;201933000.0
2016-03-31;5.01;20257;4377065000.0;4224632000.0
2016-03-31;5.03;20257;4377065000.0;4224632000.0
2016-03-31;5.07;20257;4630750000.0;4426565000.0
2016-03-31;6.01;20257;374096000.0;429047000.0
2016-03-31;6.02;20257;-15285000.0;-404591000.0
2016-03-31;6.03;20257;-59089000.0;-9128000.0
2016-03-31;6.05;20257;299722000.0;15328000.0
2016-03-31;7.01;20257;445172000.0;380080000.0
2016-03-31;7.02;20257;-10160000.0;-19488000.0
2016-03-31;7.03;20257;435012000.0;360592000.0
2016-03-31;7.04.01;20257;-1145000.0;-405000.0
2016-03-31;7.05;20257;433867000.0;360187000.0
2016-03-31;7.06;20257;89124000.0;69007000.0
2016-03-31;7.07;20257;522991000.0;429194000.0
2016-03-31;7.08;20257;522991000.0;429194000.0
2016-06-30;1.01;20257;1924514000.0;2082212000.0
2016-06-30;1.01.01;20257;208774000.0;132441000.0
2016-06-30;1.01.02;20257;0.0;0.0
2016-06-30;1.01.03;20257;164310000.0;165088000.0
2016-06-30;1.01.04;20257;0.0;0.0
2016-06-30;1.02.01;20257;4900799000.0;5011048000.0
2016-06-30;1.02.02;20257;1768437000.0;1725764000.0
2016-06-30;1.02.03;20257;21210000.0;22805000.0
2016-06-30;1.02.04;20257;20415000.0;20629000.0
2016-06-30;2.01;20257;458249000.0;1008424000.0
2016-06-30;2.01.02;20257;14065000.0;33712000.0
2016-06-30;2.01.03;20257;14440000.0;24493000.0
2016-06-30;2.01.04;20257;343522000.0;864554000.0
2016-06-30;2.01.05;20257;86222000.0;85665000.0
2016-06-30;2.02.01;20257;3195155000.0;2807991000.0
2016-06-30;2.02.02;20257;205752000.0;153809000.0
2016-06-30;2.02.03;20257;477179000.0;514109000.0
2016-06-30;2.02.04;20257;5295000.0;1060000.0
2016-06-30;2.03.01;20257;3042035000.0;3042035000.0
2016-06-30;2.03.02;20257;594507000.0;594507000.0
2016-06-30;2.03.04;20257;417864000.0;740523000.0
2016-06-30;3.01;20257;323357000.0;392192000.0
2016-06-30;3.02;20257;-21353000.0;-25606000.0
2016-06-30;3.03;20257;302004000.0;366586000.0
2016-06-30;3.04;20257;17847000.0;34943000.0
2016-06-30;3.05;20257;319851000.0;401529000.0
2016-06-30;3.06;20257;-99867000.0;-115547000.0
2016-06-30;3.07;20257;219984000.0;285982000.0
2016-06-30;3.08;20257;-12777000.0;-45461000.0
2016-06-30;3.09;20257;207207000.0;240521000.0
2016-06-30;3.11;20257;207207000.0;240521000.0
2016-06-30;5.01;20257;4377065000.0;4224632000.0
2016-06-30;5.03;20257;4377065000.0;4224632000.0
2016-06-30;5.07;20257;4293745000.0;4412329000.0
2016-06-30;6.01;20257;716547000.0;859282000.0
2016-06-30;6.02;20257;-24018000.0;-523830000.0
2016-06-30;6.03;20257;-616196000.0;-418660000.0
2016-06-30;6.05;20257;76333000.0;-83208000.0
2016-06-30;7.01;20257;805628000.0;812040000.0
2016-06-30;7.02;20257;-34593000.0;-44838000.0
2016-06-30;7.03;20257;771035000.0;767202000.0
2016-06-30;7.04.01;20257;-1785000.0;-794000.0
2016-06-30;7.05;20257;769250000.0;766408000.0
2016-06-30;7.06;20257;155160000.0;144280000.0
2016-06-30;7.07;20257;924410000.0;910688000.0
2016-06-30;7.08;20257;924410000.0;910688000.0
2016-09-30;1.01;20257;2177932000.0;2082212000.0
2016-09-30;1.01.01;20257;227874000.0;132441000.0
2016-09-30;1.01.02;20257;0.0;0.0
2016-09-30;1.01.03;20257;180279000.0;165088000.0
2016-09-30;1.01.04;20257;0.0;0.0
2016-09-30;1.02.01;20257;4832859000.0;5011048000.0
2016-09-30;1.02.02;20257;1726589000.0;1725764000.0
2016-09-30;1.02.03;20257;21045000.0;22805000.0
2016-09-30;1.02.04;20257;20961000.0;20629000.0
2016-09-30;2.01;20257;552915000.0;1008424000.0
2016-09-30;2.01.02;20257;16411000.0;33712000.0
2016-09-30;2.01.03;20257;27673000.0;24493000.0
2016-09-30;2.01.04;20257;412794000.0;864554000.0
2016-09-30;2.01.05;20257;96037000.0;85665000.0
2016-09-30;2.02.01;20257;3229356000.0;2807991000.0
2016-09-30;2.02.02;20257;184934000.0;153809000.0
2016-09-30;2.02.03;20257;490728000.0;514109000.0
2016-09-30;2.02.04;20257;8689000.0;1060000.0
2016-09-30;2.03.01;20257;3042035000.0;3042035000.0
2016-09-30;2.03.02;20257;594507000.0;594507000.0
2016-09-30;2.03.04;20257;417864000.0;740523000.0
2016-09-30;3.01;20257;364611000.0;348237000.0
2016-09-30;3.02;20257;-49831000.0;-37245000.0
2016-09-30;3.03;20257;314780000.0;310992000.0
2016-09-30;3.04;20257;36537000.0;1594000.0
2016-09-30;3.05;20257;351317000.0;312586000.0
2016-09-30;3.06;20257;-92961000.0;-96736000.0
2016-09-30;3.07;20257;258356000.0;215850000.0
2016-09-30;3.08;20257;-40800000.0;-56857000.0
2016-09-30;3.09;20257;217556000.0;158993000.0
2016-09-30;3.11;20257;217556000.0;158993000.0
2016-09-30;5.01;20257;4377065000.0;4224632000.0
2016-09-30;5.03;20257;4377065000.0;4224632000.0
2016-09-30;5.07;20257;4312764000.0;4261280000.0
2016-09-30;6.01;20257;1218261000.0;1311407000.0
2016-09-30;6.02;20257;-291547000.0;-85095000.0
2016-09-30;6.03;20257;-831281000.0;-1000237000.0
2016-09-30;6.05;20257;95433000.0;226075000.0
2016-09-30;7.01;20257;1211059000.0;1195651000.0
2016-09-30;7.02;20257;-75277000.0;-81899000.0
2016-09-30;7.03;20257;1135782000.0;1113752000.0
2016-09-30;7.04.01;20257;-2491000.0;-1222000.0
2016-09-30;7.05;20257;1133291000.0;1112530000.0
2016-09-30;7.06;20257;225095000.0;192778000.0
2016-09-30;7.07;20257;1358386000.0;1305308000.0
2016-09-30;7.08;20257;1358386000.0;1305308000.0
2017-03-31;1.01;20257;2348452000.0;1954878000.0
2017-03-31;1.01.01;20257;217222000.0;101505000.0
2017-03-31;1.01.02;20257;0.0;0.0
2017-03-31;1.01.03;20257;177691000.0;173058000.0
2017-03-31;1.01.04;20257;0.0;0.0
2017-03-31;1.02.01;20257;4555860000.0;4679127000.0
2017-03-31;1.02.02;20257;1723219000.0;1729927000.0
2017-03-31;1.02.03;20257;21015000.0;21519000.0
2017-03-31;1.02.04;20257;25330000.0;25166000.0
2017-03-31;2.01;20257;1126607000.0;1074367000.0
2017-03-31;2.01.02;20257;18116000.0;36991000.0
2017-03-31;2.01.03;20257;51101000.0;25299000.0
2017-03-31;2.01.04;20257;963641000.0;909370000.0
2017-03-31;2.01.05;20257;93749000.0;102707000.0
2017-03-31;2.02.01;20257;2388817000.0;2381087000.0
2017-03-31;2.02.02;20257;158458000.0;161167000.0
2017-03-31;2.02.03;20257;480680000.0;476795000.0
2017-03-31;2.02.04;20257;10359000.0;9613000.0
2017-03-31;2.03.01;20257;3042035000.0;3042035000.0
2017-03-31;2.03.02;20257;594507000.0;594507000.0
2017-03-31;2.03.04;20257;671046000.0;671046000.0
2017-03-31;3.01;20257;332320000.0;404973000.0
2017-03-31;3.02;20257;-37981000.0;-14568000.0
2017-03-31;3.03;20257;294339000.0;390405000.0
2017-03-31;3.04;20257;24761000.0;51055000.0
2017-03-31;3.05;20257;319100000.0;441460000.0
2017-03-31;3.06;20257;-70896000.0;-133787000.0
2017-03-31;3.07;20257;248204000.0;307673000.0
2017-03-31;3.08;20257;-46837000.0;-53988000.0
2017-03-31;3.09;20257;201367000.0;253685000.0
2017-03-31;3.11;20257;201367000.0;253685000.0
2017-03-31;5.01;20257;4307588000.0;4377065000.0
2017-03-31;5.03;20257;4307588000.0;4377065000.0
2017-03-31;5.07;20257;4508955000.0;4630750000.0
2017-03-31;6.01;20257;367943000.0;374096000.0
2017-03-31;6.02;20257;-237617000.0;-15285000.0
2017-03-31;6.03;20257;-14609000.0;-59089000.0
2017-03-31;6.05;20257;115717000.0;299722000.0
2017-03-31;7.01;20257;370466000.0;445172000.0
2017-03-31;7.02;20257;-33627000.0;-10160000.0
2017-03-31;7.03;20257;336839000.0;435012000.0
2017-03-31;7.04.01;20257;-815000.0;-1145000.0
2017-03-31;7.05;20257;336024000.0;433867000.0
2017-03-31;7.06;20257;67816000.0;89124000.0
2017-03-31;7.07;20257;403840000.0;522991000.0
2017-03-31;7.08;20257;403840000.0;522991000.0
2017-06-30;1.01;20257;2275463000.0;1954878000.0
2017-06-30;1.01.01;20257;84519000.0;101505000.0
2017-06-30;1.01.02;20257;0.0;0.0
2017-06-30;1.01.03;20257;174975000.0;173058000.0
2017-06-30;1.01.04;20257;0.0;0.0
2017-06-30;1.02.01;20257;4367995000.0;4679127000.0
2017-06-30;1.02.02;20257;1715713000.0;1729927000.0
2017-06-30;1.02.03;20257;20048000.0;21519000.0
2017-06-30;1.02.04;20257;25615000.0;25166000.0
2017-06-30;2.01;20257;1200182000.0;1074367000.0
2017-06-30;2.01.02;20257;13648000.0;36991000.0
2017-06-30;2.01.03;20257;86932000.0;25299000.0
2017-06-30;2.01.04;20257;1000808000.0;909370000.0
2017-06-30;2.01.05;20257;98794000.0;102707000.0
2017-06-30;2.02.01;20257;2411819000.0;2381087000.0
2017-06-30;2.02.02;20257;143745000.0;161167000.0
2017-06-30;2.02.03;20257;410452000.0;476795000.0
2017-06-30;2.02.04;20257;10523000.0;9613000.0
2017-06-30;2.03.01;20257;3042035000.0;3042035000.0
2017-06-30;2.03.02;20257;594507000.0;594507000.0
2017-06-30;2.03.04;20257;496328000.0;671046000.0
2017-06-30;3.01;20257;169271000.0;323357000.0
2017-06-30;3.02;20257;-25695000.0;-21353000.0
2017-06-30;3.03;20257;143576000.0;302004000.0
2017-06-30;3.04;20257;-25992000.0;17847000.0
2017-06-30;3.05;20257;117584000.0;319851000.0
2017-06-30;3.06;20257;-53062000.0;-99867000.0
2017-06-30;3.07;20257;64522000.0;219984000.0
2017-06-30;3.08;20257;7512000.0;-12777000.0
2017-06-30;3.09;20257;72034000.0;207207000.0
2017-06-30;3.11;20257;72034000.0;207207000.0
2017-06-30;5.01;20257;4307588000.0;4377065000.0
2017-06-30;5.03;20257;4307588000.0;4377065000.0
2017-06-30;5.07;20257;4228113000.0;4293745000.0
2017-06-30;6.01;20257;755555000.0;716547000.0
2017-06-30;6.02;20257;-378994000.0;-24018000.0
2017-06-30;6.03;20257;-393547000.0;-616196000.0
2017-06-30;6.05;20257;-16986000.0;76333000.0
2017-06-30;7.01;20257;570163000.0;805628000.0
2017-06-30;7.02;20257;-59394000.0;-34593000.0
2017-06-30;7.03;20257;510769000.0;771035000.0
2017-06-30;7.04.01;20257;-1624000.0;-1785000.0
2017-06-30;7.05;20257;509145000.0;769250000.0
2017-06-30;7.06;20257;90153000.0;155160000.0
2017-06-30;7.07;20257;599298000.0;924410000.0
2017-06-30;7.08;20257;599298000.0;924410000.0
2017-09-30;1.01;20257;2487654000.0;1954878000.0
2017-09-30;1.01.01;20257;41876000.0;101505000.0
2017-09-30;1.01.02;20257;0.0;0.0
2017-09-30;1.01.03;20257;165172000.0;173058000.0
2017-09-30;1.01.04;20257;0.0;0.0
2017-09-30;1.02.01;20257;4262324000.0;4679127000.0
2017-09-30;1.02.02;20257;1650711000.0;1729927000.0
2017-09-30;1.02.03;20257;21783000.0;21519000.0
2017-09-30;1.02.04;20257;26820000.0;25166000.0
2017-09-30;2.01;20257;1279112000.0;1074367000.0
2017-09-30;2.01.02;20257;17923000.0;36991000.0
2017-09-30;2.01.03;20257;102257000.0;25299000.0
2017-09-30;2.01.04;20257;1050602000.0;909370000.0
2017-09-30;2.01.05;20257;108330000.0;102707000.0
2017-09-30;2.02.01;20257;2403566000.0;2381087000.0
2017-09-30;2.02.02;20257;118597000.0;161167000.0
2017-09-30;2.02.03;20257;378229000.0;476795000.0
2017-09-30;2.02.04;20257;14237000.0;9613000.0
2017-09-30;2.03.01;20257;3042035000.0;3042035000.0
2017-09-30;2.03.02;20257;594507000.0;594507000.0
2017-09-30;2.03.04;20257;496328000.0;671046000.0
2017-09-30;3.01;20257;214899000.0;364611000.0
2017-09-30;3.02;20257;-47237000.0;-49831000.0
2017-09-30;3.03;20257;167662000.0;314780000.0
2017-09-30;3.04;20257;-19249000.0;36537000.0
2017-09-30;3.05;20257;148413000.0;351317000.0
2017-09-30;3.06;20257;-47384000.0;-92961000.0
2017-09-30;3.07;20257;101029000.0;258356000.0
2017-09-30;3.08;20257;-3704000.0;-40800000.0
2017-09-30;3.09;20257;97325000.0;217556000.0
2017-09-30;3.11;20257;97325000.0;217556000.0
2017-09-30;5.01;20257;4307588000.0;4377065000.0
2017-09-30;5.03;20257;4307588000.0;4377065000.0
2017-09-30;5.07;20257;4255551000.0;4312764000.0
2017-09-30;6.01;20257;1176454000.0;1218261000.0
2017-09-30;6.02;20257;-760842000.0;-291547000.0
2017-09-30;6.03;20257;-475241000.0;-831281000.0
2017-09-30;6.05;20257;-59629000.0;95433000.0
2017-09-30;7.01;20257;814437000.0;1211059000.0
2017-09-30;7.02;20257;-107732000.0;-75278000.0
2017-09-30;7.03;20257;706705000.0;1135781000.0
2017-09-30;7.04.01;20257;-2573000.0;-2491000.0
2017-09-30;7.05;20257;704132000.0;1133290000.0
2017-09-30;7.06;20257;125104000.0;225096000.0
2017-09-30;7.07;20257;829236000.0;1358386000.0
2017-09-30;7.08;20257;829236000.0;1358386000.0
2018-03-31;1.01;20257;2116435000.0;1946797000.0
2018-03-31;1.01.01;20257;93131000.0;56680000.0
2018-03-31;1.01.02;20257;0.0;0.0
2018-03-31;1.01.03;20257;176056000.0;174785000.0
2018-03-31;1.01.04;20257;0.0;0.0
2018-03-31;1.02.01;20257;4278796000.0;4268079000.0
2018-03-31;1.02.02;20257;1799801000.0;1780935000.0
2018-03-31;1.02.03;20257;22936000.0;23277000.0
2018-03-31;1.02.04;20257;38480000.0;35732000.0
2018-03-31;2.01;20257;622278000.0;644778000.0
2018-03-31;2.01.02;20257;23209000.0;39297000.0
2018-03-31;2.01.03;20257;61164000.0;78790000.0
2018-03-31;2.01.04;20257;429382000.0;401779000.0
2018-03-31;2.01.05;20257;108523000.0;124912000.0
2018-03-31;2.02.01;20257;2620121000.0;2603381000.0
2018-03-31;2.02.02;20257;69584000.0;72546000.0
2018-03-31;2.02.03;20257;364269000.0;371676000.0
2018-03-31;2.02.04;20257;15367000.0;14887000.0
2018-03-31;2.03.01;20257;3042035000.0;3042035000.0
2018-03-31;2.03.02;20257;594507000.0;594507000.0
2018-03-31;2.03.04;20257;711010000.0;711010000.0
2018-03-31;3.01;20257;316705000.0;332320000.0
2018-03-31;3.02;20257;-35052000.0;-37981000.0
2018-03-31;3.03;20257;281653000.0;294339000.0
2018-03-31;3.04;20257;32473000.0;24761000.0
2018-03-31;3.05;20257;314126000.0;319100000.0
2018-03-31;3.06;20257;-51948000.0;-70896000.0
2018-03-31;3.07;20257;262178000.0;248204000.0
2018-03-31;3.08;20257;-44901000.0;-46837000.0
2018-03-31;3.09;20257;217277000.0;201367000.0
2018-03-31;3.11;20257;217277000.0;201367000.0
2018-03-31;5.01;20257;4347552000.0;4307588000.0
2018-03-31;5.03;20257;4347552000.0;4307588000.0
2018-03-31;5.07;20257;4564829000.0;4508955000.0
2018-03-31;6.01;20257;302757000.0;352450000.0
2018-03-31;6.02;20257;-248485000.0;-222124000.0
2018-03-31;6.03;20257;-17821000.0;-14609000.0
2018-03-31;6.05;20257;36451000.0;115717000.0
2018-03-31;7.01;20257;353928000.0;370466000.0
2018-03-31;7.02;20257;-33662000.0;-33627000.0
2018-03-31;7.03;20257;320266000.0;336839000.0
2018-03-31;7.04.01;20257;-1484000.0;-815000.0
2018-03-31;7.05;20257;318782000.0;336024000.0
2018-03-31;7.06;20257;74228000.0;67816000.0
2018-03-31;7.07;20257;393010000.0;403840000.0
2018-03-31;7.08;20257;393010000.0;403840000.0
2018-06-30;1.01;20257;2060752000.0;1946797000.0
2018-06-30;1.01.01;20257;112379000.0;56680000.0
2018-06-30;1.01.02;20257;0.0;0.0
2018-06-30;1.01.03;20257;165453000.0;174785000.0
2018-06-30;1.01.04;20257;0.0;0.0
2018-06-30;1.02.01;20257;4202451000.0;4268079000.0
2018-06-30;1.02.02;20257;1865233000.0;1780935000.0
2018-06-30;1.02.03;20257;22777000.0;23277000.0
2018-06-30;1.02.04;20257;42663000.0;35732000.0
2018-06-30;2.01;20257;680527000.0;644778000.0
2018-06-30;2.01.02;20257;26370000.0;39297000.0
2018-06-30;2.01.03;20257;73761000.0;78790000.0
2018-06-30;2.01.04;20257;470214000.0;401779000.0
2018-06-30;2.01.05;20257;110182000.0;124912000.0
2018-06-30;2.02.01;20257;2681664000.0;2603381000.0
2018-06-30;2.02.02;20257;38224000.0;72546000.0
2018-06-30;2.02.03;20257;367356000.0;371676000.0
2018-06-30;2.02.04;20257;15195000.0;14887000.0
2018-06-30;2.03.01;20257;3042035000.0;3042035000.0
2018-06-30;2.03.02;20257;594507000.0;594507000.0
2018-06-30;2.03.04;20257;551685000.0;711010000.0
2018-06-30;3.01;20257;351238000.0;169271000.0
2018-06-30;3.02;20257;-47740000.0;-25695000.0
2018-06-30;3.03;20257;303498000.0;143576000.0
2018-06-30;3.04;20257;40986000.0;-25992000.0
2018-06-30;3.05;20257;344484000.0;117584000.0
2018-06-30;3.06;20257;-54713000.0;-53062000.0
2018-06-30;3.07;20257;289771000.0;64522000.0
2018-06-30;3.08;20257;-30520000.0;7512000.0
2018-06-30;3.09;20257;259251000.0;72034000.0
2018-06-30;3.11;20257;259251000.0;72034000.0
2018-06-30;5.01;20257;;4307588000.0
2018-06-30;5.03;20257;;4307588000.0
2018-06-30;5.07;20257;;4228113000.0
2018-06-30;6.01;20257;647095000.0;721467000.0
2018-06-30;6.02;20257;-154977000.0;-344906000.0
2018-06-30;6.03;20257;-436419000.0;-393547000.0
2018-06-30;6.05;20257;55699000.0;-16986000.0
2018-06-30;7.01;20257;745738000.0;570163000.0
2018-06-30;7.02;20257;-80830000.0;-59394000.0
2018-06-30;7.03;20257;664908000.0;510769000.0
2018-06-30;7.04.01;20257;-3081000.0;-1624000.0
2018-06-30;7.05;20257;661827000.0;509145000.0
2018-06-30;7.06;20257;161801000.0;90153000.0
2018-06-30;7.07;20257;823628000.0;599298000.0
2018-06-30;7.08;20257;823628000.0;599298000.0
2018-09-30;1.01;20257;2663691000.0;1946797000.0
2018-09-30;1.01.01;20257;233779000.0;56680000.0
2018-09-30;1.01.02;20257;0.0;0.0
2018-09-30;1.01.03;20257;155533000.0;174785000.0
2018-09-30;1.01.04;20257;0.0;0.0
2018-09-30;1.02.01;20257;4311525000.0;4268079000.0
2018-09-30;1.02.02;20257;1858934000.0;1780935000.0
2018-09-30;1.02.03;20257;22639000.0;23277000.0
2018-09-30;1.02.04;20257;50161000.0;35732000.0
2018-09-30;2.01;20257;700361000.0;644778000.0
2018-09-30;2.01.02;20257;33432000.0;39297000.0
2018-09-30;2.01.03;20257;58260000.0;78790000.0
2018-09-30;2.01.04;20257;494055000.0;401779000.0
2018-09-30;2.01.05;20257;114614000.0;124912000.0
2018-09-30;2.02.01;20257;3230922000.0;2603381000.0
2018-09-30;2.02.02;20257;33190000.0;72546000.0
2018-09-30;2.02.03;20257;411349000.0;371676000.0
2018-09-30;2.02.04;20257;16848000.0;14887000.0
2018-09-30;2.03.01;20257;3042035000.0;3042035000.0
2018-09-30;2.03.02;20257;594507000.0;594507000.0
2018-09-30;2.03.04;20257;551685000.0;711010000.0
2018-09-30;3.01;20257;403177000.0;214899000.0
2018-09-30;3.02;20257;-80865000.0;-47237000.0
2018-09-30;3.03;20257;322312000.0;167662000.0
2018-09-30;3.04;20257;47480000.0;-19249000.0
2018-09-30;3.05;20257;369792000.0;148413000.0
2018-09-30;3.06;20257;-63078000.0;-47384000.0
2018-09-30;3.07;20257;306714000.0;101029000.0
2018-09-30;3.08;20257;-38995000.0;-3704000.0
2018-09-30;3.09;20257;267719000.0;97325000.0
2018-09-30;3.11;20257;267719000.0;97325000.0
2018-09-30;5.01;20257;4347552000.0;4307588000.0
2018-09-30;5.03;20257;4347552000.0;4307588000.0
2018-09-30;5.07;20257;4514279000.0;4255551000.0
2018-09-30;6.01;20257;974521000.0;1122150000.0
2018-09-30;6.02;20257;-678592000.0;-706538000.0
2018-09-30;6.03;20257;-118830000.0;-475241000.0
2018-09-30;6.05;20257;177099000.0;-59629000.0
2018-09-30;7.01;20257;1191867000.0;814437000.0
2018-09-30;7.02;20257;-160418000.0;-107732000.0
2018-09-30;7.03;20257;1031449000.0;706705000.0
2018-09-30;7.04.01;20257;-4741000.0;-2573000.0
2018-09-30;7.05;20257;1026708000.0;704132000.0
2018-09-30;7.06;20257;261656000.0;125104000.0
2018-09-30;7.07;20257;1288364000.0;829236000.0
2018-09-30;7.08;20257;1288364000.0;829236000.0
2019-03-31;1.01;20257;2253153000.0;1927671000.0
2019-03-31;1.01.01;20257;20881000.0;20869000.0
2019-03-31;1.01.02;20257;0.0;0.0
2019-03-31;1.01.03;20257;146031000.0;159200000.0
2019-03-31;1.01.04;20257;0.0;0.0
2019-03-31;1.02.01;20257;4718268000.0;4686634000.0
2019-03-31;1.02.02;20257;1985878000.0;1912943000.0
2019-03-31;1.02.03;20257;60295000.0;23218000.0
2019-03-31;1.02.04;20257;65477000.0;65828000.0
2019-03-31;2.01;20257;684751000.0;646805000.0
2019-03-31;2.01.02;20257;36912000.0;58314000.0
2019-03-31;2.01.03;20257;45991000.0;44768000.0
2019-03-31;2.01.04;20257;498805000.0;428280000.0
2019-03-31;2.01.05;20257;103043000.0;115443000.0
2019-03-31;2.02.01;20257;3141586000.0;2871675000.0
2019-03-31;2.02.02;20257;36927000.0;46663000.0
2019-03-31;2.02.03;20257;459362000.0;450624000.0
2019-03-31;2.02.04;20257;28811000.0;28475000.0
2019-03-31;2.03.01;20257;3042035000.0;3042035000.0
2019-03-31;2.03.02;20257;594507000.0;594507000.0
2019-03-31;2.03.04;20257;935510000.0;935510000.0
2019-03-31;3.01;20257;342250000.0;333966000.0
2019-03-31;3.02;20257;-81181000.0;-40187000.0
2019-03-31;3.03;20257;261069000.0;293779000.0
2019-03-31;3.04;20257;-6935000.0;35741000.0
2019-03-31;3.05;20257;254134000.0;329520000.0
2019-03-31;3.06;20257;-64178000.0;-51948000.0
2019-03-31;3.07;20257;189956000.0;277572000.0
2019-03-31;3.08;20257;-30374000.0;-46346000.0
2019-03-31;3.09;20257;159582000.0;231226000.0
2019-03-31;3.11;20257;159582000.0;231226000.0
2019-03-31;5.01;20257;4572052000.0;4347552000.0
2019-03-31;5.03;20257;4572052000.0;4347552000.0
2019-03-31;5.07;20257;4731634000.0;4692178000.0
2019-03-31;6.01;20257;185827000.0;302757000.0
2019-03-31;6.02;20257;-406349000.0;-248485000.0
2019-03-31;6.03;20257;220534000.0;-17821000.0
2019-03-31;6.05;20257;12000.0;36451000.0
2019-03-31;7.01;20257;383552000.0;372123000.0
2019-03-31;7.02;20257;-79854000.0;-38797000.0
2019-03-31;7.03;20257;303698000.0;333326000.0
2019-03-31;7.04.01;20257;-3386000.0;-1484000.0
2019-03-31;7.05;20257;300312000.0;331842000.0
2019-03-31;7.06;20257;44327000.0;77496000.0
2019-03-31;7.07;20257;344639000.0;409338000.0
2019-03-31;7.08;20257;344639000.0;409338000.0
2019-06-30;1.01;20257;3323771000.0;1927671000.0
2019-06-30;1.01.01;20257;26530000.0;20869000.0
2019-06-30;1.01.02;20257;0.0;0.0
2019-06-30;1.01.03;20257;148501000.0;159200000.0
2019-06-30;1.01.04;20257;0.0;0.0
2019-06-30;1.02.01;20257;4998256000.0;4686634000.0
2019-06-30;1.02.02;20257;2009978000.0;1912943000.0
2019-06-30;1.02.03;20257;53720000.0;23218000.0
2019-06-30;1.02.04;20257;71935000.0;65828000.0
2019-06-30;2.01;20257;759860000.0;646805000.0
2019-06-30;2.01.02;20257;56117000.0;58314000.0
2019-06-30;2.01.03;20257;42811000.0;44768000.0
2019-06-30;2.01.04;20257;547922000.0;428280000.0
2019-06-30;2.01.05;20257;113010000.0;115443000.0
2019-06-30;2.02.01;20257;4206001000.0;2871675000.0
2019-06-30;2.02.02;20257;32039000.0;46663000.0
2019-06-30;2.02.03;20257;520267000.0;450624000.0
2019-06-30;2.02.04;20257;33448000.0;28475000.0
2019-06-30;2.03.01;20257;3042035000.0;3042035000.0
2019-06-30;2.03.02;20257;594507000.0;594507000.0
2019-06-30;2.03.04;20257;878340000.0;935510000.0
2019-06-30;3.01;20257;427498000.0;374264000.0
2019-06-30;3.02;20257;-88281000.0;-52938000.0
2019-06-30;3.03;20257;339217000.0;321326000.0
2019-06-30;3.04;20257;79874000.0;42631000.0
2019-06-30;3.05;20257;419091000.0;363957000.0
2019-06-30;3.06;20257;-71596000.0;-54713000.0
2019-06-30;3.07;20257;347495000.0;309244000.0
2019-06-30;3.08;20257;-40071000.0;-33087000.0
2019-06-30;3.09;20257;307424000.0;276157000.0
2019-06-30;3.11;20257;307424000.0;276157000.0
2019-06-30;5.01;20257;4572052000.0;4347552000.0
2019-06-30;5.03;20257;4572052000.0;4347552000.0
2019-06-30;5.07;20257;4906044720.4;4555165000.0
2019-06-30;6.01;20257;457903000.0;647095000.0
2019-06-30;6.02;20257;-1546851000.0;-154977000.0
2019-06-30;6.03;20257;1094609000.0;-436419000.0
2019-06-30;6.05;20257;5661000.0;55699000.0
2019-06-30;7.01;20257;856469000.0;788557000.0
2019-06-30;7.02;20257;-161137000.0;-91163000.0
2019-06-30;7.03;20257;695332000.0;697394000.0
2019-06-30;7.04.01;20257;-6584000.0;-3081000.0
2019-06-30;7.05;20257;688748000.0;694313000.0
2019-06-30;7.06;20257;175151000.0;166714000.0
2019-06-30;7.07;20257;863899000.0;861027000.0
2019-06-30;7.08;20257;863899000.0;861027000.0
2019-09-30;1.01;20257;3130852000.0;1927671000.0
2019-09-30;1.01.01;20257;18982000.0;20869000.0
2019-09-30;1.01.02;20257;0.0;0.0
2019-09-30;1.01.03;20257;132573000.0;159200000.0
2019-09-30;1.01.04;20257;0.0;0.0
2019-09-30;1.02.01;20257;5312906000.0;4686634000.0
2019-09-30;1.02.02;20257;2114274000.0;1912943000.0
2019-09-30;1.02.03;20257;56603000.0;23218000.0
2019-09-30;1.02.04;20257;71974000.0;65828000.0
2019-09-30;2.01;20257;1056561000.0;646805000.0
2019-09-30;2.01.02;20257;84284000.0;58314000.0
2019-09-30;2.01.03;20257;40028000.0;44768000.0
2019-09-30;2.01.04;20257;810817000.0;428280000.0
2019-09-30;2.01.05;20257;121432000.0;115443000.0
2019-09-30;2.02.01;20257;3954282000.0;2871675000.0
2019-09-30;2.02.02;20257;46954000.0;46663000.0
2019-09-30;2.02.03;20257;598862000.0;450624000.0
2019-09-30;2.02.04;20257;32820000.0;28475000.0
2019-09-30;2.03.01;20257;3042035000.0;3042035000.0
2019-09-30;2.03.02;20257;598736000.0;594507000.0
2019-09-30;2.03.04;20257;878340000.0;935510000.0
2019-09-30;3.01;20257;597753000.0;431238000.0
2019-09-30;3.02;20257;-193100000.0;-83637000.0
2019-09-30;3.03;20257;404653000.0;347601000.0
2019-09-30;3.04;20257;47912000.0;50990000.0
2019-09-30;3.05;20257;452565000.0;398591000.0
2019-09-30;3.06;20257;-48808000.0;-63078000.0
2019-09-30;3.07;20257;403757000.0;335513000.0
2019-09-30;3.08;20257;-45917000.0;-40781000.0
2019-09-30;3.09;20257;357840000.0;294732000.0
2019-09-30;3.11;20257;357840000.0;294732000.0
2019-09-30;5.01;20257;4572052000.0;4347552000.0
2019-09-30;5.03;20257;4572052000.0;4347552000.0
2019-09-30;5.07;20257;4997130000.0;4685547000.0
2019-09-30;6.01;20257;677635000.0;974521000.0
2019-09-30;6.02;20257;-1412201000.0;-678592000.0
2019-09-30;6.03;20257;732679000.0;-118830000.0
2019-09-30;6.05;20257;-1887000.0;177099000.0
2019-09-30;7.01;20257;1511014000.0;1264152000.0
2019-09-30;7.02;20257;-347089000.0;-173523000.0
2019-09-30;7.03;20257;1163925000.0;1090629000.0
2019-09-30;7.04.01;20257;-10374000.0;-4741000.0
2019-09-30;7.05;20257;1153551000.0;1085888000.0
2019-09-30;7.06;20257;289414000.0;270079000.0
2019-09-30;7.07;20257;1442965000.0;1355967000.0
2019-09-30;7.08;20257;1442965000.0;1355967000.0
2020-03-31;1.01;20257;3228146000.0;3568430000.0
2020-03-31;1.01.01;20257;209548000.0;82562000.0
2020-03-31;1.01.02;20257;0.0;0.0
2020-03-31;1.01.03;20257;151599000.0;128177000.0
2020-03-31;1.01.04;20257;0.0;0.0
2020-03-31;1.02.01;20257;6842384000.0;5359039000.0
2020-03-31;1.02.02;20257;2145237000.0;2167408000.0
2020-03-31;1.02.03;20257;55626000.0;56439000.0
2020-03-31;1.02.04;20257;80655000.0;78660000.0
2020-03-31;2.01;20257;1039895000.0;996501000.0
2020-03-31;2.01.02;20257;81122000.0;91200000.0
2020-03-31;2.01.03;20257;46084000.0;40731000.0
2020-03-31;2.01.04;20257;795536000.0;743002000.0
2020-03-31;2.01.05;20257;117153000.0;121568000.0
2020-03-31;2.02.01;20257;5105097000.0;4600202000.0
2020-03-31;2.02.02;20257;41480000.0;30407000.0
2020-03-31;2.02.03;20257;828129000.0;644332000.0
2020-03-31;2.02.04;20257;33158000.0;31739000.0
2020-03-31;2.03.01;20257;3042035000.0;3042035000.0
2020-03-31;2.03.02;20257;598736000.0;598736000.0
2020-03-31;2.03.04;20257;1299331000.0;1286024000.0
2020-03-31;3.01;20257;690417000.0;342250000.0
2020-03-31;3.02;20257;-219327000.0;-81181000.0
2020-03-31;3.03;20257;471090000.0;261069000.0
2020-03-31;3.04;20257;108478000.0;-6935000.0
2020-03-31;3.05;20257;579568000.0;254134000.0
2020-03-31;3.06;20257;-134859000.0;-64178000.0
2020-03-31;3.07;20257;444709000.0;189956000.0
2020-03-31;3.08;20257;-80522000.0;-30374000.0
2020-03-31;3.09;20257;364187000.0;159582000.0
2020-03-31;3.11;20257;364187000.0;159582000.0
2020-03-31;5.01;20257;4926795000.0;4572052169.700001
2020-03-31;5.03;20257;4926795000.0;4572052169.700001
2020-03-31;5.07;20257;5304289000.0;4731634169.700001
2020-03-31;6.01;20257;83081000.0;185827000.0
2020-03-31;6.02;20257;24286000.0;-406349000.0
2020-03-31;6.03;20257;19619000.0;220534000.0
2020-03-31;6.05;20257;126986000.0;12000.0
2020-03-31;7.01;20257;758786000.0;383552000.0
2020-03-31;7.02;20257;-213530000.0;-79854000.0
2020-03-31;7.03;20257;545256000.0;303698000.0
2020-03-31;7.04.01;20257;-3446000.0;-3386000.0
2020-03-31;7.05;20257;541810000.0;300312000.0
2020-03-31;7.06;20257;158077000.0;44327000.0
2020-03-31;7.07;20257;699887000.0;344639000.0
2020-03-31;7.08;20257;699887000.0;344639000.0
2020-06-30;1.01;20257;3841299000.0;3568430000.0
2020-06-30;1.01.01;20257;1524256000.0;82562000.0
2020-06-30;1.01.02;20257;0.0;0.0
2020-06-30;1.01.03;20257;144561000.0;128177000.0
2020-06-30;1.01.04;20257;0.0;0.0
2020-06-30;1.02.01;20257;7241004000.0;5359039000.0
2020-06-30;1.02.02;20257;2314905000.0;2167408000.0
2020-06-30;1.02.03;20257;55371000.0;56439000.0
2020-06-30;1.02.04;20257;82880000.0;78660000.0
2020-06-30;2.01;20257;1187778000.0;996501000.0
2020-06-30;2.01.02;20257;59420000.0;91200000.0
2020-06-30;2.01.03;20257;45519000.0;40731000.0
2020-06-30;2.01.04;20257;925109000.0;743002000.0
2020-06-30;2.01.05;20257;157730000.0;121568000.0
2020-06-30;2.02.01;20257;5909426000.0;4600202000.0
2020-06-30;2.02.02;20257;58512000.0;30407000.0
2020-06-30;2.02.03;20257;930461000.0;644332000.0
2020-06-30;2.02.04;20257;36870000.0;31739000.0
2020-06-30;2.03.01;20257;3042035000.0;3042035000.0
2020-06-30;2.03.02;20257;598736000.0;598736000.0
2020-06-30;2.03.04;20257;1211324000.0;1286024000.0
2020-06-30;3.01;20257;755654000.0;427498000.0
2020-06-30;3.02;20257;-282363000.0;-88281000.0
2020-06-30;3.03;20257;473291000.0;339217000.0
2020-06-30;3.04;20257;88536000.0;79874000.0
2020-06-30;3.05;20257;561827000.0;419091000.0
2020-06-30;3.06;20257;-28457000.0;-71596000.0
2020-06-30;3.07;20257;533370000.0;347495000.0
2020-06-30;3.08;20257;-95522000.0;-40071000.0
2020-06-30;3.09;20257;437848000.0;307424000.0
2020-06-30;3.11;20257;437848000.0;307424000.0
2020-06-30;5.01;20257;4926795000.0;4572052000.0
2020-06-30;5.03;20257;4926795000.0;4572052000.0
2020-06-30;5.07;20257;5412412000.0;4906045000.0
2020-06-30;6.01;20257;86021000.0;457903000.0
2020-06-30;6.02;20257;776713000.0;-1546851000.0
2020-06-30;6.03;20257;578960000.0;1094609000.0
2020-06-30;6.05;20257;1441694000.0;5661000.0
2020-06-30;7.01;20257;1589232000.0;856469000.0
2020-06-30;7.02;20257;-488022000.0;-161137000.0
2020-06-30;7.03;20257;1101210000.0;695332000.0
2020-06-30;7.04.01;20257;-7491000.0;-6584000.0
2020-06-30;7.05;20257;1093719000.0;688748000.0
2020-06-30;7.06;20257;293310000.0;175151000.0
2020-06-30;7.07;20257;1387029000.0;863899000.0
2020-06-30;7.08;20257;1387029000.0;863899000.0
2020-09-30;1.01;20257;3358290000.0;3568430000.0
2020-09-30;1.01.01;20257;1789887000.0;82562000.0
2020-09-30;1.01.02;20257;0.0;0.0
2020-09-30;1.01.03;20257;183129000.0;128177000.0
2020-09-30;1.01.04;20257;0.0;0.0
2020-09-30;1.02.01;20257;7857655000.0;5359039000.0
2020-09-30;1.02.02;20257;2511421000.0;2167408000.0
2020-09-30;1.02.03;20257;54083000.0;56439000.0
2020-09-30;1.02.04;20257;85517000.0;78660000.0
2020-09-30;2.01;20257;926143000.0;996501000.0
2020-09-30;2.01.02;20257;66115000.0;91200000.0
2020-09-30;2.01.03;20257;54331000.0;40731000.0
2020-09-30;2.01.04;20257;651420000.0;743002000.0
2020-09-30;2.01.05;20257;154277000.0;121568000.0
2020-09-30;2.02.01;20257;5974829000.0;4600202000.0
2020-09-30;2.02.02;20257;88715000.0;30407000.0
2020-09-30;2.02.03;20257;1071255000.0;644332000.0
2020-09-30;2.02.04;20257;37654000.0;31739000.0
2020-09-30;2.03.01;20257;3042035000.0;3042035000.0
2020-09-30;2.03.02;20257;598736000.0;598736000.0
2020-09-30;2.03.04;20257;1224261000.0;1286024000.0
2020-09-30;3.01;20257;941221000.0;597753000.0
2020-09-30;3.02;20257;-253750000.0;-193100000.0
2020-09-30;3.03;20257;687471000.0;404653000.0
2020-09-30;3.04;20257;173513000.0;47912000.0
2020-09-30;3.05;20257;860984000.0;452565000.0
2020-09-30;3.06;20257;-119288000.0;-48808000.0
2020-09-30;3.07;20257;741696000.0;403757000.0
2020-09-30;3.08;20257;-109782000.0;-45917000.0
2020-09-30;3.09;20257;631914000.0;357840000.0
2020-09-30;3.11;20257;631914000.0;357840000.0
2020-09-30;5.01;20257;4926795000.0;4572052000.0
2020-09-30;5.03;20257;4926795000.0;4572052000.0
2020-09-30;5.07;20257;5768370000.0;4997130000.0
2020-09-30;6.01;20257;319620000.0;677635000.0
2020-09-30;6.02;20257;1437529000.0;-1412201000.0
2020-09-30;6.03;20257;-49824000.0;732679000.0
2020-09-30;6.05;20257;1707325000.0;-1887000.0
2020-09-30;7.01;20257;2610532000.0;1511014000.0
2020-09-30;7.02;20257;-727685000.0;-347089000.0
2020-09-30;7.03;20257;1882847000.0;1163925000.0
2020-09-30;7.04.01;20257;-12102000.0;-10374000.0
2020-09-30;7.05;20257;1870745000.0;1153551000.0
2020-09-30;7.06;20257;511382000.0;289414000.0
2020-09-30;7.07;20257;2382127000.0;1442965000.0
2020-09-30;7.08;20257;2382127000.0;1442965000.0
2021-03-31;1.01;20257;2618436000.0;2360161000.0
2021-03-31;1.01.01;20257;1021839000.0;896031000.0
2021-03-31;1.01.02;20257;0.0;0.0
2021-03-31;1.01.03;20257;202379000.0;190378000.0
2021-03-31;1.01.04;20257;0.0;0.0
2021-03-31;1.02.01;20257;9187306000.0;8629485000.0
2021-03-31;1.02.02;20257;3047761000.0;2952525000.0
2021-03-31;1.02.03;20257;77617000.0;73676000.0
2021-03-31;1.02.04;20257;89515000.0;89572000.0
2021-03-31;2.01;20257;895118000.0;841643000.0
2021-03-31;2.01.02;20257;81622000.0;85086000.0
2021-03-31;2.01.03;20257;48052000.0;55157000.0
2021-03-31;2.01.04;20257;536844000.0;449739000.0
2021-03-31;2.01.05;20257;228600000.0;251661000.0
2021-03-31;2.02.01;20257;5919236000.0;5803047000.0
2021-03-31;2.02.02;20257;103207000.0;101503000.0
2021-03-31;2.02.03;20257;1453186000.0;1288527000.0
2021-03-31;2.02.04;20257;51677000.0;44795000.0
2021-03-31;2.03.01;20257;3042035000.0;3042035000.0
2021-03-31;2.03.02;20257;598736000.0;598736000.0
2021-03-31;2.03.04;20257;2400431000.0;2400431000.0
2021-03-31;3.01;20257;908449000.0;688398000.0
2021-03-31;3.02;20257;-197049000.0;-219327000.0
2021-03-31;3.03;20257;711400000.0;469071000.0
2021-03-31;3.04;20257;162644000.0;137377000.0
2021-03-31;3.05;20257;874044000.0;606448000.0
2021-03-31;3.06;20257;-183098000.0;-134859000.0
2021-03-31;3.07;20257;690946000.0;471589000.0
2021-03-31;3.08;20257;-135094000.0;-80348000.0
2021-03-31;3.09;20257;555852000.0;391241000.0
2021-03-31;3.11;20257;555852000.0;391241000.0
2021-03-31;5.01;20257;6025904000.0;4990377000.0
2021-03-31;5.03;20257;6025904000.0;4990377000.0
2021-03-31;5.07;20257;6598211000.0;5394925000.0
2021-03-31;6.01;20257;163252000.0;83081000.0
2021-03-31;6.02;20257;-24113000.0;24286000.0
2021-03-31;6.03;20257;-13331000.0;19619000.0
2021-03-31;6.05;20257;125808000.0;126986000.0
2021-03-31;7.01;20257;977583000.0;756668000.0
2021-03-31;7.02;20257;-191615000.0;-213530000.0
2021-03-31;7.03;20257;785968000.0;543138000.0
2021-03-31;7.04.01;20257;-4687000.0;-3446000.0
2021-03-31;7.05;20257;781281000.0;539692000.0
2021-03-31;7.06;20257;209662000.0;186976000.0
2021-03-31;7.07;20257;990943000.0;726668000.0
2021-03-31;7.08;20257;990943000.0;726668000.0
2021-06-30;1.01;20257;2252478000.0;2360161000.0
2021-06-30;1.01.01;20257;719541000.0;896031000.0
2021-06-30;1.01.02;20257;0.0;0.0
2021-06-30;1.01.03;20257;154202000.0;190378000.0
2021-06-30;1.01.04;20257;0.0;0.0
2021-06-30;1.02.01;20257;9607132000.0;8629485000.0
2021-06-30;1.02.02;20257;3154124000.0;2952525000.0
2021-06-30;1.02.03;20257;81359000.0;73676000.0
2021-06-30;1.02.04;20257;89870000.0;89572000.0
2021-06-30;2.01;20257;1120353000.0;841643000.0
2021-06-30;2.01.02;20257;68425000.0;85086000.0
2021-06-30;2.01.03;20257;44242000.0;55157000.0
2021-06-30;2.01.04;20257;893063000.0;449739000.0
2021-06-30;2.01.05;20257;114623000.0;251661000.0
2021-06-30;2.02.01;20257;5908932000.0;5803047000.0
2021-06-30;2.02.02;20257;95238000.0;101503000.0
2021-06-30;2.02.03;20257;1623674000.0;1288527000.0
2021-06-30;2.02.04;20257;58000000.0;44795000.0
2021-06-30;2.03.01;20257;3042035000.0;3042035000.0
2021-06-30;2.03.02;20257;598736000.0;598736000.0
2021-06-30;2.03.04;20257;1944396000.0;2400431000.0
2021-06-30;3.01;20257;904321000.0;760069000.0
2021-06-30;3.02;20257;-131497000.0;-282363000.0
2021-06-30;3.03;20257;772824000.0;477706000.0
2021-06-30;3.04;20257;242225000.0;110472000.0
2021-06-30;3.05;20257;1015049000.0;588178000.0
2021-06-30;3.06;20257;-173138000.0;-28457000.0
2021-06-30;3.07;20257;841911000.0;559721000.0
2021-06-30;3.08;20257;-144016000.0;-95491000.0
2021-06-30;3.09;20257;697895000.0;464230000.0
2021-06-30;3.11;20257;697895000.0;464230000.0
2021-06-30;5.01;20257;6025904000.0;4990377000.0
2021-06-30;5.03;20257;6025904000.0;4990377000.0
2021-06-30;5.07;20257;6378766000.0;5529430000.0
2021-06-30;6.01;20257;658938000.0;86021000.0
2021-06-30;6.02;20257;-32878000.0;776713000.0
2021-06-30;6.03;20257;-802550000.0;578960000.0
2021-06-30;6.05;20257;-176490000.0;1441694000.0
2021-06-30;7.01;20257;1949424000.0;1591659000.0
2021-06-30;7.02;20257;-311711000.0;-488022000.0
2021-06-30;7.03;20257;1637713000.0;1103637000.0
2021-06-30;7.04.01;20257;-10495000.0;-7491000.0
2021-06-30;7.05;20257;1627218000.0;1096146000.0
2021-06-30;7.06;20257;496972000.0;344145000.0
2021-06-30;7.07;20257;2124190000.0;1440291000.0
2021-06-30;7.08;20257;2124190000.0;1440291000.0
2021-09-30;1.01;20257;2520585000.0;2360161000.0
2021-09-30;1.01.01;20257;967879000.0;896031000.0
2021-09-30;1.01.02;20257;0.0;0.0
2021-09-30;1.01.03;20257;209418000.0;190378000.0
2021-09-30;1.01.04;20257;0.0;0.0
2021-09-30;1.02.01;20257;10111122000.0;8629485000.0
2021-09-30;1.02.02;20257;3290931000.0;2952525000.0
2021-09-30;1.02.03;20257;87509000.0;73676000.0
2021-09-30;1.02.04;20257;94841000.0;89572000.0
2021-09-30;2.01;20257;1238042000.0;841643000.0
2021-09-30;2.01.02;20257;114616000.0;85086000.0
2021-09-30;2.01.03;20257;54965000.0;55157000.0
2021-09-30;2.01.04;20257;943281000.0;449739000.0
2021-09-30;2.01.05;20257;125180000.0;251661000.0
2021-09-30;2.02.01;20257;6057821000.0;5803047000.0
2021-09-30;2.02.02;20257;85738000.0;101503000.0
2021-09-30;2.02.03;20257;1739125000.0;1288527000.0
2021-09-30;2.02.04;20257;58433000.0;44795000.0
2021-09-30;2.03.01;20257;3042035000.0;3042035000.0
2021-09-30;2.03.02;20257;598736000.0;598736000.0
2021-09-30;2.03.04;20257;1944396000.0;2400431000.0
2021-09-30;3.01;20257;942321000.0;943977000.0
2021-09-30;3.02;20257;-195024000.0;-253750000.0
2021-09-30;3.03;20257;747297000.0;690227000.0
2021-09-30;3.04;20257;108915000.0;196093000.0
2021-09-30;3.05;20257;856212000.0;886320000.0
2021-09-30;3.06;20257;-230358000.0;-119288000.0
2021-09-30;3.07;20257;625854000.0;767032000.0
2021-09-30;3.08;20257;-88965000.0;-109664000.0
2021-09-30;3.09;20257;536889000.0;657368000.0
2021-09-30;3.11;20257;536889000.0;657368000.0
2021-09-30;5.01;20257;6025904000.0;4990377000.0
2021-09-30;5.03;20257;6025904000.0;4990377000.0
2021-09-30;5.07;20257;6925829000.0;5910842000.0
2021-09-30;6.01;20257;1000835000.0;319620000.0
2021-09-30;6.02;20257;-65831000.0;1437529000.0
2021-09-30;6.03;20257;-863156000.0;-49824000.0
2021-09-30;6.05;20257;71848000.0;1707325000.0
2021-09-30;7.01;20257;2979785000.0;2615777000.0
2021-09-30;7.02;20257;-491744000.0;-727685000.0
2021-09-30;7.03;20257;2488041000.0;1888092000.0
2021-09-30;7.04.01;20257;-16513000.0;-12102000.0
2021-09-30;7.05;20257;2471528000.0;1875990000.0
2021-09-30;7.06;20257;654046000.0;584797000.0
2021-09-30;7.07;20257;3125574000.0;2460787000.0
2021-09-30;7.08;20257;3125574000.0;2460787000.0
2022-03-31;1.01;20257;3326999000.0;2135183000.0
2022-03-31;1.01.01;20257;1453195000.0;384824000.0
2022-03-31;1.01.02;20257;0.0;0.0
2022-03-31;1.01.03;20257;208990000.0;212069000.0
2022-03-31;1.01.04;20257;0.0;0.0
2022-03-31;1.02.01;20257;10308739000.0;10138624000.0
2022-03-31;1.02.02;20257;3567561000.0;3436678000.0
2022-03-31;1.02.03;20257;92114000.0;86349000.0
2022-03-31;1.02.04;20257;98836000.0;98801000.0
2022-03-31;2.01;20257;1432996000.0;1417130000.0
2022-03-31;2.01.02;20257;89227000.0;131622000.0
2022-03-31;2.01.03;20257;53363000.0;58894000.0
2022-03-31;2.01.04;20257;1041269000.0;958046000.0
2022-03-31;2.01.05;20257;249137000.0;268568000.0
2022-03-31;2.02.01;20257;6648365000.0;5846840000.0
2022-03-31;2.02.02;20257;95591000.0;86366000.0
2022-03-31;2.02.03;20257;1921595000.0;1810960000.0
2022-03-31;2.02.04;20257;50899000.0;49583000.0
2022-03-31;2.03.01;20257;3042035000.0;3042035000.0
2022-03-31;2.03.02;20257;598736000.0;598736000.0
2022-03-31;2.03.04;20257;3021522000.0;3021522000.0
2022-03-31;3.01;20257;795647000.0;908449000.0
2022-03-31;3.02;20257;-69712000.0;-197049000.0
2022-03-31;3.03;20257;725935000.0;711400000.0
2022-03-31;3.04;20257;169356000.0;162644000.0
2022-03-31;3.05;20257;895291000.0;874044000.0
2022-03-31;3.06;20257;-228179000.0;-183098000.0
2022-03-31;3.07;20257;667112000.0;690946000.0
2022-03-31;3.08;20257;-107189000.0;-135094000.0
2022-03-31;3.09;20257;559923000.0;555852000.0
2022-03-31;3.11;20257;559923000.0;555852000.0
2022-03-31;5.01;20257;6684756000.0;6025904000.0
2022-03-31;5.03;20257;6684756000.0;6025904000.0
2022-03-31;5.07;20257;7244803000.0;6598211000.0
2022-03-31;6.01;20257;385352000.0;163252000.0
2022-03-31;6.02;20257;-46943000.0;-24113000.0
2022-03-31;6.03;20257;729962000.0;-13331000.0
2022-03-31;6.05;20257;1068371000.0;125808000.0
2022-03-31;7.01;20257;861082000.0;977583000.0
2022-03-31;7.02;20257;-54297000.0;-191615000.0
2022-03-31;7.03;20257;806785000.0;785968000.0
2022-03-31;7.04.01;20257;-6856000.0;-4687000.0
2022-03-31;7.05;20257;799929000.0;781281000.0
2022-03-31;7.06;20257;233705000.0;209662000.0
2022-03-31;7.07;20257;1033634000.0;990943000.0
2022-03-31;7.08;20257;1033634000.0;990943000.0
2022-06-30;1.01;20257;3953127000.0;2135183000.0
2022-06-30;1.01.01;20257;1843025000.0;384824000.0
2022-06-30;1.01.02;20257;0.0;0.0
2022-06-30;1.01.03;20257;227337000.0;212069000.0
2022-06-30;1.01.04;20257;0.0;0.0
2022-06-30;1.02.01;20257;10408456000.0;10138624000.0
2022-06-30;1.02.02;20257;3669862000.0;3436678000.0
2022-06-30;1.02.03;20257;97352000.0;86349000.0
2022-06-30;1.02.04;20257;101318000.0;98801000.0
2022-06-30;2.01;20257;1279304000.0;1417130000.0
2022-06-30;2.01.02;20257;97945000.0;131622000.0
2022-06-30;2.01.03;20257;35654000.0;58894000.0
2022-06-30;2.01.04;20257;1031222000.0;958046000.0
2022-06-30;2.01.05;20257;114483000.0;268568000.0
2022-06-30;2.02.01;20257;7605490000.0;5846840000.0
2022-06-30;2.02.02;20257;99642000.0;86366000.0
2022-06-30;2.02.03;20257;2025435000.0;1810960000.0
2022-06-30;2.02.04;20257;66082000.0;49583000.0
2022-06-30;2.03.01;20257;3042035000.0;3042035000.0
2022-06-30;2.03.02;20257;598736000.0;598736000.0
2022-06-30;2.03.04;20257;2368240000.0;3021522000.0
2022-06-30;3.01;20257;847721000.0;904321000.0
2022-06-30;3.02;20257;-93797000.0;-131497000.0
2022-06-30;3.03;20257;753924000.0;772824000.0
2022-06-30;3.04;20257;171208000.0;242225000.0
2022-06-30;3.05;20257;925132000.0;1015049000.0
2022-06-30;3.06;20257;-260577000.0;-173138000.0
2022-06-30;3.07;20257;664555000.0;841911000.0
2022-06-30;3.08;20257;-100533000.0;-144016000.0
2022-06-30;3.09;20257;564022000.0;697895000.0
2022-06-30;3.11;20257;564022000.0;697895000.0
2022-06-30;5.01;20257;6684756000.0;6025904000.0
2022-06-30;5.03;20257;6684756000.0;6025904000.0
2022-06-30;5.07;20257;7154162000.0;6378766000.0
2022-06-30;6.01;20257;1015706000.0;658938000.0
2022-06-30;6.02;20257;-102859000.0;-32878000.0
2022-06-30;6.03;20257;545354000.0;-802550000.0
2022-06-30;6.05;20257;1458201000.0;-176490000.0
2022-06-30;7.01;20257;1775607000.0;1949424000.0
2022-06-30;7.02;20257;-146284000.0;-311711000.0
2022-06-30;7.03;20257;1629323000.0;1637713000.0
2022-06-30;7.04.01;20257;-13946000.0;-10495000.0
2022-06-30;7.05;20257;1615377000.0;1627218000.0
2022-06-30;7.06;20257;506691000.0;496972000.0
2022-06-30;7.07;20257;2122068000.0;2124190000.0
2022-06-30;7.08;20257;2122068000.0;2124190000.0
2022-09-30;1.01;20257;3620492000.0;2135183000.0
2022-09-30;1.01.01;20257;1564460000.0;384824000.0
2022-09-30;1.01.02;20257;0.0;0.0
2022-09-30;1.01.03;20257;234180000.0;212069000.0
2022-09-30;1.01.04;20257;0.0;0.0
2022-09-30;1.02.01;20257;10302699000.0;10138624000.0
2022-09-30;1.02.02;20257;3689419000.0;3436678000.0
2022-09-30;1.02.03;20257;129781000.0;86349000.0
2022-09-30;1.02.04;20257;109700000.0;98801000.0
2022-09-30;2.01;20257;975305000.0;1417130000.0
2022-09-30;2.01.02;20257;86758000.0;131622000.0
2022-09-30;2.01.03;20257;40660000.0;58894000.0
2022-09-30;2.01.04;20257;711358000.0;958046000.0
2022-09-30;2.01.05;20257;136529000.0;268568000.0
2022-09-30;2.02.01;20257;7762053000.0;5846840000.0
2022-09-30;2.02.02;20257;87884000.0;86366000.0
2022-09-30;2.02.03;20257;2016958000.0;1810960000.0
2022-09-30;2.02.04;20257;58961000.0;49583000.0
2022-09-30;2.03.01;20257;3042035000.0;3042035000.0
2022-09-30;2.03.02;20257;598736000.0;598736000.0
2022-09-30;2.03.04;20257;2368240000.0;3021522000.0
2022-09-30;3.01;20257;463793000.0;942321000.0
2022-09-30;3.02;20257;-137843000.0;-195024000.0
2022-09-30;3.03;20257;325950000.0;747297000.0
2022-09-30;3.04;20257;70849000.0;108915000.0
2022-09-30;3.05;20257;396799000.0;856212000.0
2022-09-30;3.06;20257;-85759000.0;-230358000.0
2022-09-30;3.07;20257;311040000.0;625854000.0
2022-09-30;3.08;20257;-8586000.0;-88965000.0
2022-09-30;3.09;20257;302454000.0;536889000.0
2022-09-30;3.11;20257;302454000.0;536889000.0
2022-09-30;5.01;20257;6684756000.0;6025904000.0
2022-09-30;5.03;20257;6684756000.0;6025904000.0
2022-09-30;5.07;20257;6950930000.0;6925829000.0
2022-09-30;6.01;20257;1451457000.0;1000835000.0
2022-09-30;6.02;20257;-165082000.0;-65831000.0
2022-09-30;6.03;20257;-106739000.0;-863156000.0
2022-09-30;6.05;20257;1179636000.0;71848000.0
2022-09-30;7.01;20257;2286001000.0;2979785000.0
2022-09-30;7.02;20257;-268221000.0;-491744000.0
2022-09-30;7.03;20257;2017780000.0;2488041000.0
2022-09-30;7.04.01;20257;-19727000.0;-16513000.0
2022-09-30;7.05;20257;1998053000.0;2471528000.0
2022-09-30;7.06;20257;679514000.0;654046000.0
2022-09-30;7.07;20257;2677567000.0;3125574000.0
2022-09-30;7.08;20257;2677567000.0;3125574000.0
2023-03-31;1.01;20257;3196076000.0;3089668000.0
2023-03-31;1.01.01;20257;1039721000.0;1083174000.0
2023-03-31;1.01.02;20257;0.0;0.0
2023-03-31;1.01.03;20257;242392000.0;202942000.0
2023-03-31;1.01.04;20257;0.0;0.0
2023-03-31;1.02.01;20257;11133544000.0;10267452000.0
2023-03-31;1.02.02;20257;3749486000.0;3611309000.0
2023-03-31;1.02.03;20257;216765000.0;203712000.0
2023-03-31;1.02.04;20257;140628000.0;136940000.0
2023-03-31;2.01;20257;1132149000.0;1021517000.0
2023-03-31;2.01.02;20257;105310000.0;133728000.0
2023-03-31;2.01.03;20257;41973000.0;38967000.0
2023-03-31;2.01.04;20257;808450000.0;637921000.0
2023-03-31;2.01.05;20257;176416000.0;210901000.0
2023-03-31;2.02.01;20257;8544262000.0;7518267000.0
2023-03-31;2.02.02;20257;100426000.0;87437000.0
2023-03-31;2.02.03;20257;2105328000.0;2051922000.0
2023-03-31;2.02.04;20257;63179000.0;59462000.0
2023-03-31;2.03.01;20257;3042035000.0;3042035000.0
2023-03-31;2.03.02;20257;598736000.0;598736000.0
2023-03-31;2.03.04;20257;2459295000.0;2919295000.0
2023-03-31;3.01;20257;692915000.0;795647000.0
2023-03-31;3.02;20257;-106446000.0;-69712000.0
2023-03-31;3.03;20257;586469000.0;725935000.0
2023-03-31;3.04;20257;143154000.0;169356000.0
2023-03-31;3.05;20257;729623000.0;895291000.0
2023-03-31;3.06;20257;-281703000.0;-228179000.0
2023-03-31;3.07;20257;447920000.0;667112000.0
2023-03-31;3.08;20257;-61148000.0;-107189000.0
2023-03-31;3.09;20257;386772000.0;559923000.0
2023-03-31;3.11;20257;386772000.0;559923000.0
2023-03-31;5.01;20257;6570476000.0;6684756000.0
2023-03-31;5.03;20257;6570476000.0;6684756000.0
2023-03-31;5.07;20257;6491155000.0;7244803000.0
2023-03-31;6.01;20257;-455701000.0;385352000.0
2023-03-31;6.02;20257;-21736000.0;-46943000.0
2023-03-31;6.03;20257;433984000.0;729962000.0
2023-03-31;6.05;20257;-43453000.0;1068371000.0
2023-03-31;7.01;20257;758683000.0;861082000.0
2023-03-31;7.02;20257;-91172000.0;-54297000.0
2023-03-31;7.03;20257;667511000.0;806785000.0
2023-03-31;7.04.01;20257;-5236000.0;-6856000.0
2023-03-31;7.05;20257;662275000.0;799929000.0
2023-03-31;7.06;20257;221189000.0;233705000.0
2023-03-31;7.07;20257;883464000.0;1033634000.0
2023-03-31;7.08;20257;883464000.0;1033634000.0
2023-06-30;1.01;20257;3598345000.0;3089668000.0
2023-06-30;1.01.01;20257;1323640000.0;1083174000.0
2023-06-30;1.01.02;20257;0.0;0.0
2023-06-30;1.01.03;20257;334517000.0;202942000.0
2023-06-30;1.01.04;20257;0.0;0.0
2023-06-30;1.02.01;20257;11218457000.0;10267452000.0
2023-06-30;1.02.02;20257;3625968000.0;3611309000.0
2023-06-30;1.02.03;20257;223699000.0;203712000.0
2023-06-30;1.02.04;20257;145871000.0;136940000.0
2023-06-30;2.01;20257;1189144000.0;1021517000.0
2023-06-30;2.01.02;20257;127853000.0;133728000.0
2023-06-30;2.01.03;20257;45375000.0;38967000.0
2023-06-30;2.01.04;20257;816981000.0;637921000.0
2023-06-30;2.01.05;20257;198935000.0;210901000.0
2023-06-30;2.02.01;20257;8609145000.0;7518267000.0
2023-06-30;2.02.02;20257;171967000.0;87437000.0
2023-06-30;2.02.03;20257;2087838000.0;2051922000.0
2023-06-30;2.02.04;20257;64945000.0;59462000.0
2023-06-30;2.03.01;20257;3042035000.0;3042035000.0
2023-06-30;2.03.02;20257;598736000.0;598736000.0
2023-06-30;2.03.04;20257;2459295000.0;2919295000.0
2023-06-30;3.01;20257;678504000.0;847721000.0
2023-06-30;3.02;20257;-240191000.0;-93797000.0
2023-06-30;3.03;20257;438313000.0;753924000.0
2023-06-30;3.04;20257;32407000.0;171208000.0
2023-06-30;3.05;20257;470720000.0;925132000.0
2023-06-30;3.06;20257;-243267000.0;-260577000.0
2023-06-30;3.07;20257;227453000.0;664555000.0
2023-06-30;3.08;20257;-7127000.0;-100533000.0
2023-06-30;3.09;20257;220326000.0;564022000.0
2023-06-30;3.11;20257;220326000.0;564022000.0
2023-06-30;5.01;20257;6570476000.0;6684756000.0
2023-06-30;5.03;20257;6570476000.0;6684756000.0
2023-06-30;5.07;20257;6689301000.0;7154162000.0
2023-06-30;6.01;20257;12331000.0;1015706000.0
2023-06-30;6.02;20257;-37759000.0;-102859000.0
2023-06-30;6.03;20257;265894000.0;545354000.0
2023-06-30;6.05;20257;240466000.0;1458201000.0
2023-06-30;7.01;20257;1501065000.0;1775607000.0
2023-06-30;7.02;20257;-314425000.0;-146284000.0
2023-06-30;7.03;20257;1186640000.0;1629323000.0
2023-06-30;7.04.01;20257;-9024000.0;-13946000.0
2023-06-30;7.05;20257;1177616000.0;1615377000.0
2023-06-30;7.06;20257;339314000.0;506691000.0
2023-06-30;7.07;20257;1516930000.0;2122068000.0
2023-06-30;7.08;20257;1516930000.0;2122068000.0
