DT_REFER;CD_CVM;VL_CONTA_1.01;VL_CONTA_1.01.01;VL_CONTA_1.01.03;VL_CONTA_1.02.01;VL_CONTA_1.02.03;VL_CONTA_1.02.04;VL_CONTA_2.01;VL_CONTA_2.01.02;VL_CONTA_2.01.03;VL_CONTA_2.01.04;VL_CONTA_2.01.05;VL_CONTA_2.02.01;VL_CONTA_2.02.02;VL_CONTA_2.02.03;VL_CONTA_2.02.04;VL_CONTA_2.03.01;VL_CONTA_2.03.02;VL_CONTA_2.03.04;VL_CONTA_3.01;VL_CONTA_3.02;VL_CONTA_3.03;VL_CONTA_3.04;VL_CONTA_3.05;VL_CONTA_3.06;VL_CONTA_3.07;VL_CONTA_3.08;VL_CONTA_3.09;VL_CONTA_3.11;VL_CONTA_6.01;VL_CONTA_6.02;VL_CONTA_6.03;VL_CONTA_6.05;VL_CONTA_7.01;VL_CONTA_7.02;VL_CONTA_7.03;VL_CONTA_7.04.01;VL_CONTA_7.05;VL_CONTA_7.06;VL_CONTA_7.07;VL_CONTA_7.08;VL_CONTA_PENULTIMO_1.01;VL_CONTA_PENULTIMO_1.01.01;VL_CONTA_PENULTIMO_1.01.03;VL_CONTA_PENULTIMO_1.02.01;VL_CONTA_PENULTIMO_1.02.03;VL_CONTA_PENULTIMO_1.02.04;VL_CONTA_PENULTIMO_2.01;VL_CONTA_PENULTIMO_2.01.02;VL_CONTA_PENULTIMO_2.01.03;VL_CONTA_PENULTIMO_2.01.04;VL_CONTA_PENULTIMO_2.01.05;VL_CONTA_PENULTIMO_2.02.01;VL_CONTA_PENULTIMO_2.02.02;VL_CONTA_PENULTIMO_2.02.03;VL_CONTA_PENULTIMO_2.02.04;VL_CONTA_PENULTIMO_2.03.01;VL_CONTA_PENULTIMO_2.03.02;VL_CONTA_PENULTIMO_2.03.04;VL_CONTA_PENULTIMO_3.01;VL_CONTA_PENULTIMO_3.02;VL_CONTA_PENULTIMO_3.03;VL_CONTA_PENULTIMO_3.04;VL_CONTA_PENULTIMO_3.05;VL_CONTA_PENULTIMO_3.06;VL_CONTA_PENULTIMO_3.07;VL_CONTA_PENULTIMO_3.08;VL_CONTA_PENULTIMO_3.09;VL_CONTA_PENULTIMO_3.11;VL_CONTA_PENULTIMO_6.01;VL_CONTA_PENULTIMO_6.02;VL_CONTA_PENULTIMO_6.03;VL_CONTA_PENULTIMO_6.05;VL_CONTA_PENULTIMO_7.01;VL_CONTA_PENULTIMO_7.02;VL_CONTA_PENULTIMO_7.03;VL_CONTA_PENULTIMO_7.04.01;VL_CONTA_PENULTIMO_7.05;VL_CONTA_PENULTIMO_7.06;VL_CONTA_PENULTIMO_7.07;VL_CONTA_PENULTIMO_7.08;LUCRO_LIQUIDO_PERIODO;IMOBILIZADO_NO_PERIODO_ANTERIOR;IMOBILIZADO_NO_PERIODO;DELTA_IMOBILIZADO;DEPRECIACAO_AMORTIZACAO_E_EXAUSTAO_DA_DVA;ATIVO_CIRCULANTE_NO_PERIODO_ANTERIOR;ATIVO_CIRCULANTE_NO_PERIODO;DELTA_ATIVO_CIRCULANTE;CAIXA_E_EQUIVALENTES_DE_CAIXA_NO_PERIODO_ANTERIOR;CAIXA_E_EQUIVALENTES_DE_CAIXA_NO_PERIODO;DELTA_CAIXA_E_EQUIVALENTES_DE_CAIXA;PASSIVO_CIRCULANTE_NO_PERIODO_ANTERIOR;PASSIVO_CIRCULANTE_NO_PERIODO;DELTA_PASSIVO_CIRCULANTE;EMPRESTIMOS_E_FINANCIAMENTOS_CIRCULANTES_NO_PERIODO_ANTERIOR;EMPRESTIMOS_E_FINANCIAMENTOS_CIRCULANTES_NO_PERIODO;DELTA_EMPRESTIMOS_E_FINANCIAMENTOS_CIRCULANTES;EMPRESTIMOS_E_FINANCIAMENTOS_NAO_CIRCULANTES_NO_PERIODO_ANTERIOR;EMPRESTIMOS_E_FINANCIAMENTOS_NAO_CIRCULANTES_NO_PERIODO;DELTA_EMPRESTIMOS_E_FINANCIAMENTOS_NAO_CIRCULANTES;FCFE
2011-03-31;20257;1304282000.0;640436000.0;635221000.0;3351158000.0;12438000.0;4090000.0;334701000.0;8245000.0;7513000.0;94762000.0;224181000.0;1487541000.0;8975000.0;259104000.0;459000.0;1312536000.0;594507000.0;601311000.0;157946000.0;-12129000.0;145817000.0;-7046000.0;138771000.0;-35769000.0;103002000.0;-30168000.0;72834000.0;72834000.0;173212000.0;60961000.0;-8315000.0;225858000.0;172055000.0;-8059000.0;163996000.0;-373000.0;163623000.0;14614000.0;178237000.0;178237000.0;1081396000.0;414578000.0;634773000.0;3477534000.0;12741000.0;4159000.0;308216000.0;11578000.0;16189000.0;54017000.0;226432000.0;1487279000.0;7509000.0;264013000.0;459000.0;1312536000.0;594507000.0;601311000.0;165287000.0;-17979000.0;147308000.0;-9603000.0;137705000.0;-33656000.0;104049000.0;-34785000.0;69264000.0;69264000.0;139931000.0;-5009000.0;-52834000.0;82088000.0;177906000.0;-14578000.0;163328000.0;-3654000.0;159674000.0;8823000.0;168497000.0;168497000.0;72834000.0;12741000.0;12438000.0;303000.0;-373000.0;1081396000.0;1304282000.0;-222886000.0;414578000.0;640436000.0;-225858000.0;308216000.0;334701000.0;-26485000.0;54017000.0;94762000.0;-40745000.0;1487279000.0;1487541000.0;-262000.0;1694000.0
2011-06-30;20257;1015506000.0;356012000.0;639443000.0;3294360000.0;12622000.0;4022000.0;457749000.0;5017000.0;4680000.0;88673000.0;359379000.0;1488052000.0;9601000.0;253729000.0;459000.0;1312536000.0;594507000.0;64297000.0;162365000.0;-12760000.0;149605000.0;-8158000.0;141447000.0;-38917000.0;102530000.0;-29784000.0;72746000.0;72746000.0;357190000.0;60419000.0;-476175000.0;-58566000.0;349438000.0;-18151000.0;331287000.0;-746000.0;330541000.0;30930000.0;361471000.0;361471000.0;1081396000.0;414578000.0;634773000.0;3477534000.0;12741000.0;4159000.0;308216000.0;11578000.0;16189000.0;54017000.0;226432000.0;1487279000.0;7509000.0;264013000.0;459000.0;1312536000.0;594507000.0;601311000.0;164974000.0;-14058000.0;150916000.0;-10830000.0;140086000.0;-31684000.0;108402000.0;-36130000.0;72272000.0;72272000.0;289545000.0;-8062000.0;-81492000.0;199991000.0;355488000.0;-24122000.0;331366000.0;-7308000.0;324058000.0;18466000.0;342524000.0;342524000.0;72746000.0;12741000.0;12622000.0;119000.0;-746000.0;1081396000.0;1015506000.0;65890000.0;414578000.0;356012000.0;58566000.0;308216000.0;457749000.0;-149533000.0;54017000.0;88673000.0;-34656000.0;1487279000.0;1488052000.0;-773000.0;-120405000.0
2011-09-30;20257;1200952000.0;473778000.0;711161000.0;3487406000.0;12949000.0;3953000.0;442348000.0;7542000.0;5302000.0;68669000.0;360835000.0;1484714000.0;27186000.0;356672000.0;499000.0;1312536000.0;594507000.0;64297000.0;478061000.0;-13751000.0;464310000.0;-10777000.0;453533000.0;-38904000.0;414629000.0;-137708000.0;276921000.0;276921000.0;548787000.0;59732000.0;-549319000.0;59200000.0;853295000.0;-29553000.0;823742000.0;-1117000.0;822625000.0;43203000.0;865828000.0;865828000.0;1081675000.0;414578000.0;634822000.0;3477534000.0;12741000.0;4159000.0;308495000.0;11578000.0;16468000.0;54017000.0;226432000.0;1487279000.0;7509000.0;264013000.0;459000.0;1312536000.0;594507000.0;601311000.0;298297000.0;-15507000.0;282790000.0;-10436000.0;272354000.0;-24925000.0;247429000.0;-75670000.0;171759000.0;171759000.0;446271000.0;-14334000.0;-132256000.0;299681000.0;671653000.0;-34594000.0;637059000.0;-10996000.0;626063000.0;35888000.0;661951000.0;661951000.0;276921000.0;12741000.0;12949000.0;-208000.0;-1117000.0;1081675000.0;1200952000.0;-119277000.0;414578000.0;473778000.0;-59200000.0;308495000.0;442348000.0;-133853000.0;54017000.0;68669000.0;-14652000.0;1487279000.0;1484714000.0;2565000.0;190149000.0
2012-03-31;20257;1754579000.0;691090000.0;1004641000.0;4832303000.0;14292000.0;6369000.0;1703948000.0;14772000.0;19873000.0;1378329000.0;290974000.0;1989889000.0;38083000.0;526400000.0;929000.0;1312536000.0;594507000.0;345429000.0;234377000.0;-19627000.0;214750000.0;-14463000.0;200287000.0;-64751000.0;135536000.0;-39714000.0;95822000.0;95822000.0;226708000.0;-2835000.0;-28189000.0;195684000.0;256031000.0;-19417000.0;236614000.0;-406000.0;236208000.0;45240000.0;281448000.0;281448000.0;1556749000.0;495406000.0;996845000.0;4907087000.0;13940000.0;6447000.0;1647891000.0;33009000.0;13961000.0;1307947000.0;292974000.0;2015405000.0;33553000.0;533953000.0;949000.0;1312536000.0;594507000.0;345429000.0;157946000.0;-12129000.0;145817000.0;-7046000.0;138771000.0;-35769000.0;103002000.0;-30168000.0;72834000.0;72834000.0;173211000.0;60962000.0;-8315000.0;225858000.0;172055000.0;-8059000.0;163996000.0;-373000.0;163623000.0;14614000.0;178237000.0;178237000.0;95822000.0;13940000.0;14292000.0;-352000.0;-406000.0;1556749000.0;1754579000.0;-197830000.0;495406000.0;691090000.0;-195684000.0;1647891000.0;1703948000.0;-56057000.0;1307947000.0;1378329000.0;-70382000.0;2015405000.0;1989889000.0;25516000.0;-3009000.0
2012-06-30;20257;2578940000.0;1529686000.0;1011221000.0;4503117000.0;14825000.0;6270000.0;2627695000.0;12867000.0;17509000.0;2310695000.0;286624000.0;1993490000.0;46250000.0;226242000.0;1502000.0;1312536000.0;594507000.0;131162000.0;216852000.0;-21065000.0;195787000.0;-19265000.0;176522000.0;-95716000.0;80806000.0;-6860000.0;73946000.0;73946000.0;459605000.0;-4239000.0;578914000.0;1034280000.0;478503000.0;-46007000.0;432496000.0;-801000.0;431695000.0;86158000.0;517853000.0;517853000.0;1556749000.0;495406000.0;999944000.0;4615235000.0;13940000.0;6447000.0;1647891000.0;33009000.0;13961000.0;1307947000.0;292974000.0;2015405000.0;33553000.0;242101000.0;949000.0;1312536000.0;594507000.0;345429000.0;150608000.0;-12760000.0;137848000.0;-8158000.0;129690000.0;-38917000.0;90773000.0;-18027000.0;72746000.0;72746000.0;357190000.0;60419000.0;-476175000.0;-58566000.0;330056000.0;-18151000.0;311905000.0;-746000.0;311159000.0;30930000.0;342089000.0;342089000.0;73946000.0;13940000.0;14825000.0;-885000.0;-801000.0;1556749000.0;2578940000.0;-1022191000.0;495406000.0;1529686000.0;-1034280000.0;1647891000.0;2627695000.0;-979804000.0;1307947000.0;2310695000.0;-1002748000.0;2015405000.0;1993490000.0;21915000.0;-1898696000.0
2012-09-30;20257;4023306000.0;813234000.0;1209127000.0;5877768000.0;16394000.0;6045000.0;2946985000.0;44908000.0;20853000.0;2596982000.0;284242000.0;2204503000.0;47240000.0;486627000.0;1307000.0;3041872000.0;594507000.0;131162000.0;539614000.0;-35129000.0;504485000.0;31275000.0;535760000.0;-59579000.0;476181000.0;-176639000.0;299542000.0;299542000.0;724365000.0;-2611865000.0;2205328000.0;317828000.0;1059637000.0;-79194000.0;980443000.0;-1307000.0;979136000.0;125321000.0;1104457000.0;1104457000.0;1556749000.0;495406000.0;958731000.0;4615235000.0;13940000.0;6447000.0;1647891000.0;33009000.0;13961000.0;1307947000.0;292974000.0;2015405000.0;33553000.0;242101000.0;949000.0;1312536000.0;594507000.0;345429000.0;465263000.0;-13751000.0;451512000.0;-10777000.0;440735000.0;-38904000.0;401831000.0;-124910000.0;276921000.0;276921000.0;548787000.0;59732000.0;-549319000.0;59200000.0;821115000.0;-29553000.0;791562000.0;-1117000.0;790445000.0;43203000.0;833648000.0;833648000.0;299542000.0;13940000.0;16394000.0;-2454000.0;-1307000.0;1556749000.0;4023306000.0;-2466557000.0;495406000.0;813234000.0;-317828000.0;1647891000.0;2946985000.0;-1299094000.0;1307947000.0;2596982000.0;-1289035000.0;2015405000.0;2204503000.0;-189098000.0;-327809000.0
2013-03-31;20257;3724741000.0;490462000.0;1171192000.0;5474944000.0;17132000.0;7408000.0;627058000.0;20741000.0;16194000.0;409663000.0;180460000.0;4123294000.0;53360000.0;313828000.0;2543000.0;3042035000.0;594507000.0;460701000.0;263268000.0;-51017000.0;212251000.0;-16442000.0;195809000.0;-63861000.0;131948000.0;39198000.0;171146000.0;171146000.0;265565000.0;-5392000.0;-308407000.0;-48234000.0;289195000.0;-51392000.0;237803000.0;-439000.0;237364000.0;44189000.0;281553000.0;281553000.0;3762674000.0;538696000.0;1161356000.0;5635748000.0;17458000.0;7294000.0;642962000.0;26417000.0;21548000.0;421715000.0;173282000.0;4316320000.0;47910000.0;477519000.0;2953000.0;3042035000.0;594507000.0;460701000.0;178047000.0;-15228000.0;162819000.0;14911000.0;177730000.0;-68364000.0;109366000.0;-13544000.0;95822000.0;95822000.0;205040000.0;-1078000.0;-15176000.0;188786000.0;193974000.0;-14409000.0;179565000.0;-368000.0;179197000.0;38154000.0;217351000.0;217351000.0;171146000.0;17458000.0;17132000.0;326000.0;-439000.0;3762674000.0;3724741000.0;37933000.0;538696000.0;490462000.0;48234000.0;642962000.0;627058000.0;15904000.0;421715000.0;409663000.0;12052000.0;4316320000.0;4123294000.0;193026000.0;401664000.0
2013-06-30;20257;1903437000.0;131378000.0;148075000.0;5377029000.0;17986000.0;7458000.0;907897000.0;17704000.0;14760000.0;796212000.0;79221000.0;3791188000.0;40784000.0;308125000.0;2524000.0;3042035000.0;594507000.0;201059000.0;263355000.0;-47531000.0;215824000.0;-18092000.0;197732000.0;-91961000.0;105771000.0;-3368000.0;102403000.0;102403000.0;517537000.0;-180216000.0;-744639000.0;-407318000.0;577992000.0;-101422000.0;476570000.0;-855000.0;475715000.0;88420000.0;564135000.0;564135000.0;3762674000.0;538696000.0;155073000.0;5635748000.0;17458000.0;7294000.0;642962000.0;26417000.0;21548000.0;421715000.0;173282000.0;4316320000.0;47910000.0;477519000.0;2953000.0;3042035000.0;594507000.0;460701000.0;176519000.0;-13867000.0;162652000.0;-12292000.0;150360000.0;-62494000.0;87866000.0;-13920000.0;73946000.0;73946000.0;401038000.0;-1865000.0;618793000.0;1017966000.0;386327000.0;-31984000.0;354343000.0;-737000.0;353606000.0;60949000.0;414555000.0;414555000.0;102403000.0;17458000.0;17986000.0;-528000.0;-855000.0;3762674000.0;1903437000.0;1859237000.0;538696000.0;131378000.0;407318000.0;642962000.0;907897000.0;-264935000.0;421715000.0;796212000.0;-374497000.0;4316320000.0;3791188000.0;525132000.0;-1464143000.0
2013-09-30;20257;1973895000.0;152056000.0;160085000.0;5547309000.0;22189000.0;7457000.0;976551000.0;31595000.0;35143000.0;824609000.0;85204000.0;3589611000.0;40701000.0;322896000.0;2524000.0;3042035000.0;594507000.0;201059000.0;612044000.0;-45014000.0;567030000.0;127411000.0;694441000.0;-98203000.0;596238000.0;-118291000.0;477947000.0;477947000.0;837010000.0;-212574000.0;-1011076000.0;-386640000.0;1235401000.0;-145839000.0;1089562000.0;-1369000.0;1088193000.0;248183000.0;1336376000.0;1336376000.0;3762674000.0;538696000.0;155073000.0;5635748000.0;17458000.0;7294000.0;642962000.0;26417000.0;21548000.0;421715000.0;173282000.0;4316320000.0;47910000.0;477519000.0;2953000.0;3042035000.0;594507000.0;460701000.0;527621000.0;-34236000.0;493385000.0;39834000.0;533219000.0;-58781000.0;474438000.0;-174896000.0;299542000.0;299542000.0;662841000.0;-2388887000.0;2242309000.0;516263000.0;954348000.0;-63962000.0;890386000.0;-1212000.0;889174000.0;159995000.0;1049169000.0;1049169000.0;477947000.0;17458000.0;22189000.0;-4731000.0;-1369000.0;3762674000.0;1973895000.0;1788779000.0;538696000.0;152056000.0;386640000.0;642962000.0;976551000.0;-333589000.0;421715000.0;824609000.0;-402894000.0;4316320000.0;3589611000.0;726709000.0;-930604000.0
2014-03-31;20257;2107394000.0;212137000.0;169618000.0;5404165000.0;23319000.0;8173000.0;1213914000.0;27873000.0;40181000.0;1029046000.0;116814000.0;3487784000.0;9698000.0;308471000.0;2991000.0;3042035000.0;594507000.0;668522000.0;267537000.0;-37713000.0;229824000.0;7540000.0;237364000.0;-102262000.0;135102000.0;-23596000.0;111506000.0;111506000.0;281013000.0;-225723000.0;35707000.0;90997000.0;293713000.0;-32254000.0;261459000.0;-386000.0;261073000.0;37220000.0;298293000.0;298293000.0;1788028000.0;121140000.0;156844000.0;5450144000.0;22861000.0;7969000.0;1097570000.0;34012000.0;10764000.0;942160000.0;110634000.0;3425203000.0;10907000.0;312344000.0;2991000.0;3042035000.0;594507000.0;668522000.0;263268000.0;-51017000.0;212251000.0;-16442000.0;195809000.0;-63861000.0;131948000.0;39198000.0;171146000.0;171146000.0;266685000.0;-6512000.0;-308407000.0;-48234000.0;289195000.0;-51392000.0;237803000.0;-439000.0;237364000.0;44189000.0;281553000.0;281553000.0;111506000.0;22861000.0;23319000.0;-458000.0;-386000.0;1788028000.0;2107394000.0;-319366000.0;121140000.0;212137000.0;-90997000.0;1097570000.0;1213914000.0;-116344000.0;942160000.0;1029046000.0;-86886000.0;3425203000.0;3487784000.0;-62581000.0;74136000.0
2014-06-30;20257;1856289000.0;75352000.0;163863000.0;5184910000.0;24119000.0;8516000.0;894663000.0;30285000.0;60336000.0;691797000.0;112245000.0;3566155000.0;9509000.0;303773000.0;1364000.0;3042035000.0;594507000.0;280245000.0;259725000.0;-32106000.0;227619000.0;4298000.0;231917000.0;-119696000.0;112221000.0;-32140000.0;80081000.0;80081000.0;693386000.0;16071000.0;-755245000.0;-45788000.0;579713000.0;-59557000.0;520156000.0;-735000.0;519421000.0;75737000.0;595158000.0;595158000.0;1788028000.0;121140000.0;156844000.0;5450144000.0;22861000.0;7969000.0;1097570000.0;34012000.0;10764000.0;942160000.0;110634000.0;3425203000.0;10907000.0;312344000.0;2991000.0;3042035000.0;594507000.0;668522000.0;263355000.0;-47531000.0;215824000.0;-18092000.0;197732000.0;-91961000.0;105771000.0;-3368000.0;102403000.0;102403000.0;517537000.0;-180216000.0;-744639000.0;-407318000.0;577992000.0;-101422000.0;476570000.0;-855000.0;475715000.0;88420000.0;564135000.0;564135000.0;80081000.0;22861000.0;24119000.0;-1258000.0;-735000.0;1788028000.0;1856289000.0;-68261000.0;121140000.0;75352000.0;45788000.0;1097570000.0;894663000.0;202907000.0;942160000.0;691797000.0;250363000.0;3425203000.0;3566155000.0;-140952000.0;506971000.0
2014-09-30;20257;2344385000.0;289311000.0;214232000.0;5236527000.0;20447000.0;8974000.0;965222000.0;33088000.0;105160000.0;732661000.0;94313000.0;3393327000.0;50411000.0;317897000.0;1364000.0;3042035000.0;594507000.0;280245000.0;622103000.0;-42717000.0;579386000.0;162978000.0;742364000.0;-88764000.0;653600000.0;-155979000.0;497621000.0;497621000.0;1298618000.0;-97083000.0;-1033364000.0;168171000.0;1261444000.0;-95329000.0;1166115000.0;-1080000.0;1165035000.0;260238000.0;1425273000.0;1425273000.0;1788028000.0;121140000.0;156844000.0;5450144000.0;22861000.0;7969000.0;1097570000.0;34012000.0;10764000.0;942160000.0;110634000.0;3425203000.0;10907000.0;312344000.0;2991000.0;3042035000.0;594507000.0;668522000.0;612044000.0;-45014000.0;567030000.0;127411000.0;694441000.0;-98203000.0;596238000.0;-118291000.0;477947000.0;477947000.0;837010000.0;-212574000.0;-1011076000.0;-386640000.0;1235401000.0;-145839000.0;1089562000.0;-1369000.0;1088193000.0;248183000.0;1336376000.0;1336376000.0;497621000.0;22861000.0;20447000.0;2414000.0;-1080000.0;1788028000.0;2344385000.0;-556357000.0;121140000.0;289311000.0;-168171000.0;1097570000.0;965222000.0;132348000.0;942160000.0;732661000.0;209499000.0;3425203000.0;3393327000.0;31876000.0;1256036000.0
2015-03-31;20257;2333210000.0;117181000.0;188421000.0;5124684000.0;23400000.0;13592000.0;847935000.0;26992000.0;10755000.0;709847000.0;100341000.0;3383930000.0;137078000.0;387323000.0;1123000.0;3042035000.0;594507000.0;588090000.0;342526000.0;-21879000.0;320647000.0;36167000.0;356814000.0;-137391000.0;219423000.0;-17490000.0;201933000.0;201933000.0;429047000.0;-404591000.0;-9128000.0;15328000.0;380080000.0;-19488000.0;360592000.0;-405000.0;360187000.0;69007000.0;429194000.0;429194000.0;1786946000.0;101853000.0;206687000.0;5132209000.0;24175000.0;13300000.0;751767000.0;37133000.0;11996000.0;605806000.0;96832000.0;3239588000.0;93089000.0;348589000.0;1123000.0;3042035000.0;594507000.0;588090000.0;267537000.0;-37713000.0;229824000.0;7540000.0;237364000.0;-102262000.0;135102000.0;-23596000.0;111506000.0;111506000.0;281013000.0;-225723000.0;35707000.0;90997000.0;293713000.0;-32254000.0;261459000.0;-386000.0;261073000.0;37220000.0;298293000.0;298293000.0;201933000.0;24175000.0;23400000.0;775000.0;-405000.0;1786946000.0;2333210000.0;-546264000.0;101853000.0;117181000.0;-15328000.0;751767000.0;847935000.0;-96168000.0;605806000.0;709847000.0;-104041000.0;3239588000.0;3383930000.0;-144342000.0;387138000.0
2015-06-30;20257;2320501000.0;18645000.0;191665000.0;5042392000.0;22743000.0;14147000.0;1225300000.0;23939000.0;17141000.0;1087827000.0;96393000.0;2930829000.0;186316000.0;384725000.0;1123000.0;3042035000.0;594507000.0;333333000.0;392192000.0;-25606000.0;366586000.0;34943000.0;401529000.0;-115547000.0;285982000.0;-45461000.0;240521000.0;240521000.0;859282000.0;-523830000.0;-418660000.0;-83208000.0;812040000.0;-44838000.0;767202000.0;-794000.0;766408000.0;144280000.0;910688000.0;910688000.0;1786946000.0;101853000.0;206687000.0;5132209000.0;24175000.0;13300000.0;751767000.0;37133000.0;11996000.0;605806000.0;96832000.0;3239588000.0;93089000.0;348589000.0;1123000.0;3042035000.0;594507000.0;588090000.0;259725000.0;-32106000.0;227619000.0;4298000.0;231917000.0;-119696000.0;112221000.0;-32140000.0;80081000.0;80081000.0;693386000.0;16071000.0;-755245000.0;-45788000.0;579713000.0;-59557000.0;520156000.0;-735000.0;519421000.0;75737000.0;595158000.0;595158000.0;240521000.0;24175000.0;22743000.0;1432000.0;-794000.0;1786946000.0;2320501000.0;-533555000.0;101853000.0;18645000.0;83208000.0;751767000.0;1225300000.0;-473533000.0;605806000.0;1087827000.0;-482021000.0;3239588000.0;2930829000.0;308759000.0;208263000.0
2015-09-30;20257;2359720000.0;327928000.0;177668000.0;4967390000.0;22205000.0;14959000.0;1184846000.0;28109000.0;12021000.0;1038356000.0;106360000.0;2956047000.0;170261000.0;465932000.0;2725000.0;3042035000.0;594507000.0;333333000.0;348237000.0;-37245000.0;310992000.0;1594000.0;312586000.0;-96736000.0;215850000.0;-56857000.0;158993000.0;158993000.0;1311407000.0;-85095000.0;-1000237000.0;226075000.0;1195651000.0;-81899000.0;1113752000.0;-1222000.0;1112530000.0;192778000.0;1305308000.0;1305308000.0;1786946000.0;101853000.0;206687000.0;5132209000.0;24175000.0;13300000.0;751767000.0;37133000.0;11996000.0;605806000.0;96832000.0;3239588000.0;93089000.0;348589000.0;1123000.0;3042035000.0;594507000.0;588090000.0;622103000.0;-42717000.0;579386000.0;162978000.0;742364000.0;-88764000.0;653600000.0;-155979000.0;497621000.0;497621000.0;1298618000.0;-97083000.0;-1033364000.0;168171000.0;1261444000.0;-95329000.0;1166115000.0;-1080000.0;1165035000.0;260238000.0;1425273000.0;1425273000.0;158993000.0;24175000.0;22205000.0;1970000.0;-1222000.0;1786946000.0;2359720000.0;-572774000.0;101853000.0;327928000.0;-226075000.0;751767000.0;1184846000.0;-433079000.0;605806000.0;1038356000.0;-432550000.0;3239588000.0;2956047000.0;283541000.0;-79588000.0
2016-03-31;20257;2185895000.0;432163000.0;169362000.0;4987556000.0;21723000.0;20191000.0;503670000.0;19306000.0;70386000.0;308610000.0;105368000.0;3200660000.0;135305000.0;471993000.0;1100000.0;3042035000.0;594507000.0;740523000.0;404973000.0;-14568000.0;390405000.0;51055000.0;441460000.0;-133787000.0;307673000.0;-53988000.0;253685000.0;253685000.0;374096000.0;-15285000.0;-59089000.0;299722000.0;445172000.0;-10160000.0;435012000.0;-1145000.0;433867000.0;89124000.0;522991000.0;522991000.0;2082212000.0;132441000.0;165088000.0;5011048000.0;22805000.0;20629000.0;1008424000.0;33712000.0;24493000.0;864554000.0;85665000.0;2807991000.0;153809000.0;514109000.0;1060000.0;3042035000.0;594507000.0;740523000.0;342526000.0;-21879000.0;320647000.0;36167000.0;356814000.0;-137391000.0;219423000.0;-17490000.0;201933000.0;201933000.0;429047000.0;-404591000.0;-9128000.0;15328000.0;380080000.0;-19488000.0;360592000.0;-405000.0;360187000.0;69007000.0;429194000.0;429194000.0;253685000.0;22805000.0;21723000.0;1082000.0;-1145000.0;2082212000.0;2185895000.0;-103683000.0;132441000.0;432163000.0;-299722000.0;1008424000.0;503670000.0;504754000.0;864554000.0;308610000.0;555944000.0;2807991000.0;3200660000.0;-392669000.0;723448000.0
2016-06-30;20257;1924514000.0;208774000.0;164310000.0;4900799000.0;21210000.0;20415000.0;458249000.0;14065000.0;14440000.0;343522000.0;86222000.0;3195155000.0;205752000.0;477179000.0;5295000.0;3042035000.0;594507000.0;417864000.0;323357000.0;-21353000.0;302004000.0;17847000.0;319851000.0;-99867000.0;219984000.0;-12777000.0;207207000.0;207207000.0;716547000.0;-24018000.0;-616196000.0;76333000.0;805628000.0;-34593000.0;771035000.0;-1785000.0;769250000.0;155160000.0;924410000.0;924410000.0;2082212000.0;132441000.0;165088000.0;5011048000.0;22805000.0;20629000.0;1008424000.0;33712000.0;24493000.0;864554000.0;85665000.0;2807991000.0;153809000.0;514109000.0;1060000.0;3042035000.0;594507000.0;740523000.0;392192000.0;-25606000.0;366586000.0;34943000.0;401529000.0;-115547000.0;285982000.0;-45461000.0;240521000.0;240521000.0;859282000.0;-523830000.0;-418660000.0;-83208000.0;812040000.0;-44838000.0;767202000.0;-794000.0;766408000.0;144280000.0;910688000.0;910688000.0;207207000.0;22805000.0;21210000.0;1595000.0;-1785000.0;2082212000.0;1924514000.0;157698000.0;132441000.0;208774000.0;-76333000.0;1008424000.0;458249000.0;550175000.0;864554000.0;343522000.0;521032000.0;2807991000.0;3195155000.0;-387164000.0;653839000.0
2016-09-30;20257;2177932000.0;227874000.0;180279000.0;4832859000.0;21045000.0;20961000.0;552915000.0;16411000.0;27673000.0;412794000.0;96037000.0;3229356000.0;184934000.0;490728000.0;8689000.0;3042035000.0;594507000.0;417864000.0;364611000.0;-49831000.0;314780000.0;36537000.0;351317000.0;-92961000.0;258356000.0;-40800000.0;217556000.0;217556000.0;1218261000.0;-291547000.0;-831281000.0;95433000.0;1211059000.0;-75277000.0;1135782000.0;-2491000.0;1133291000.0;225095000.0;1358386000.0;1358386000.0;2082212000.0;132441000.0;165088000.0;5011048000.0;22805000.0;20629000.0;1008424000.0;33712000.0;24493000.0;864554000.0;85665000.0;2807991000.0;153809000.0;514109000.0;1060000.0;3042035000.0;594507000.0;740523000.0;348237000.0;-37245000.0;310992000.0;1594000.0;312586000.0;-96736000.0;215850000.0;-56857000.0;158993000.0;158993000.0;1311407000.0;-85095000.0;-1000237000.0;226075000.0;1195651000.0;-81899000.0;1113752000.0;-1222000.0;1112530000.0;192778000.0;1305308000.0;1305308000.0;217556000.0;22805000.0;21045000.0;1760000.0;-2491000.0;2082212000.0;2177932000.0;-95720000.0;132441000.0;227874000.0;-95433000.0;1008424000.0;552915000.0;455509000.0;864554000.0;412794000.0;451760000.0;2807991000.0;3229356000.0;-421365000.0;699496000.0
2017-03-31;20257;2348452000.0;217222000.0;177691000.0;4555860000.0;21015000.0;25330000.0;1126607000.0;18116000.0;51101000.0;963641000.0;93749000.0;2388817000.0;158458000.0;480680000.0;10359000.0;3042035000.0;594507000.0;671046000.0;332320000.0;-37981000.0;294339000.0;24761000.0;319100000.0;-70896000.0;248204000.0;-46837000.0;201367000.0;201367000.0;367943000.0;-237617000.0;-14609000.0;115717000.0;370466000.0;-33627000.0;336839000.0;-815000.0;336024000.0;67816000.0;403840000.0;403840000.0;1954878000.0;101505000.0;173058000.0;4679127000.0;21519000.0;25166000.0;1074367000.0;36991000.0;25299000.0;909370000.0;102707000.0;2381087000.0;161167000.0;476795000.0;9613000.0;3042035000.0;594507000.0;671046000.0;404973000.0;-14568000.0;390405000.0;51055000.0;441460000.0;-133787000.0;307673000.0;-53988000.0;253685000.0;253685000.0;374096000.0;-15285000.0;-59089000.0;299722000.0;445172000.0;-10160000.0;435012000.0;-1145000.0;433867000.0;89124000.0;522991000.0;522991000.0;201367000.0;21519000.0;21015000.0;504000.0;-815000.0;1954878000.0;2348452000.0;-393574000.0;101505000.0;217222000.0;-115717000.0;1074367000.0;1126607000.0;-52240000.0;909370000.0;963641000.0;-54271000.0;2381087000.0;2388817000.0;-7730000.0;363664000.0
2017-06-30;20257;2275463000.0;84519000.0;174975000.0;4367995000.0;20048000.0;25615000.0;1200182000.0;13648000.0;86932000.0;1000808000.0;98794000.0;2411819000.0;143745000.0;410452000.0;10523000.0;3042035000.0;594507000.0;496328000.0;169271000.0;-25695000.0;143576000.0;-25992000.0;117584000.0;-53062000.0;64522000.0;7512000.0;72034000.0;72034000.0;755555000.0;-378994000.0;-393547000.0;-16986000.0;570163000.0;-59394000.0;510769000.0;-1624000.0;509145000.0;90153000.0;599298000.0;599298000.0;1954878000.0;101505000.0;173058000.0;4679127000.0;21519000.0;25166000.0;1074367000.0;36991000.0;25299000.0;909370000.0;102707000.0;2381087000.0;161167000.0;476795000.0;9613000.0;3042035000.0;594507000.0;671046000.0;323357000.0;-21353000.0;302004000.0;17847000.0;319851000.0;-99867000.0;219984000.0;-12777000.0;207207000.0;207207000.0;716547000.0;-24018000.0;-616196000.0;76333000.0;805628000.0;-34593000.0;771035000.0;-1785000.0;769250000.0;155160000.0;924410000.0;924410000.0;72034000.0;21519000.0;20048000.0;1471000.0;-1624000.0;1954878000.0;2275463000.0;-320585000.0;101505000.0;84519000.0;16986000.0;1074367000.0;1200182000.0;-125815000.0;909370000.0;1000808000.0;-91438000.0;2381087000.0;2411819000.0;-30732000.0;158525000.0
2017-09-30;20257;2487654000.0;41876000.0;165172000.0;4262324000.0;21783000.0;26820000.0;1279112000.0;17923000.0;102257000.0;1050602000.0;108330000.0;2403566000.0;118597000.0;378229000.0;14237000.0;3042035000.0;594507000.0;496328000.0;214899000.0;-47237000.0;167662000.0;-19249000.0;148413000.0;-47384000.0;101029000.0;-3704000.0;97325000.0;97325000.0;1176454000.0;-760842000.0;-475241000.0;-59629000.0;814437000.0;-107732000.0;706705000.0;-2573000.0;704132000.0;125104000.0;829236000.0;829236000.0;1954878000.0;101505000.0;173058000.0;4679127000.0;21519000.0;25166000.0;1074367000.0;36991000.0;25299000.0;909370000.0;102707000.0;2381087000.0;161167000.0;476795000.0;9613000.0;3042035000.0;594507000.0;671046000.0;364611000.0;-49831000.0;314780000.0;36537000.0;351317000.0;-92961000.0;258356000.0;-40800000.0;217556000.0;217556000.0;1218261000.0;-291547000.0;-831281000.0;95433000.0;1211059000.0;-75278000.0;1135781000.0;-2491000.0;1133290000.0;225096000.0;1358386000.0;1358386000.0;97325000.0;21519000.0;21783000.0;-264000.0;-2573000.0;1954878000.0;2487654000.0;-532776000.0;101505000.0;41876000.0;59629000.0;1074367000.0;1279112000.0;-204745000.0;909370000.0;1050602000.0;-141232000.0;2381087000.0;2403566000.0;-22479000.0;318965000.0
2018-03-31;20257;2116435000.0;93131000.0;176056000.0;4278796000.0;22936000.0;38480000.0;622278000.0;23209000.0;61164000.0;429382000.0;108523000.0;2620121000.0;69584000.0;364269000.0;15367000.0;3042035000.0;594507000.0;711010000.0;316705000.0;-35052000.0;281653000.0;32473000.0;314126000.0;-51948000.0;262178000.0;-44901000.0;217277000.0;217277000.0;302757000.0;-248485000.0;-17821000.0;36451000.0;353928000.0;-33662000.0;320266000.0;-1484000.0;318782000.0;74228000.0;393010000.0;393010000.0;1946797000.0;56680000.0;174785000.0;4268079000.0;23277000.0;35732000.0;644778000.0;39297000.0;78790000.0;401779000.0;124912000.0;2603381000.0;72546000.0;371676000.0;14887000.0;3042035000.0;594507000.0;711010000.0;332320000.0;-37981000.0;294339000.0;24761000.0;319100000.0;-70896000.0;248204000.0;-46837000.0;201367000.0;201367000.0;352450000.0;-222124000.0;-14609000.0;115717000.0;370466000.0;-33627000.0;336839000.0;-815000.0;336024000.0;67816000.0;403840000.0;403840000.0;217277000.0;23277000.0;22936000.0;341000.0;-1484000.0;1946797000.0;2116435000.0;-169638000.0;56680000.0;93131000.0;-36451000.0;644778000.0;622278000.0;22500000.0;401779000.0;429382000.0;-27603000.0;2603381000.0;2620121000.0;-16740000.0;326796000.0
2018-06-30;20257;2060752000.0;112379000.0;165453000.0;4202451000.0;22777000.0;42663000.0;680527000.0;26370000.0;73761000.0;470214000.0;110182000.0;2681664000.0;38224000.0;367356000.0;15195000.0;3042035000.0;594507000.0;551685000.0;351238000.0;-47740000.0;303498000.0;40986000.0;344484000.0;-54713000.0;289771000.0;-30520000.0;259251000.0;259251000.0;647095000.0;-154977000.0;-436419000.0;55699000.0;745738000.0;-80830000.0;664908000.0;-3081000.0;661827000.0;161801000.0;823628000.0;823628000.0;1946797000.0;56680000.0;174785000.0;4268079000.0;23277000.0;35732000.0;644778000.0;39297000.0;78790000.0;401779000.0;124912000.0;2603381000.0;72546000.0;371676000.0;14887000.0;3042035000.0;594507000.0;711010000.0;169271000.0;-25695000.0;143576000.0;-25992000.0;117584000.0;-53062000.0;64522000.0;7512000.0;72034000.0;72034000.0;721467000.0;-344906000.0;-393547000.0;-16986000.0;570163000.0;-59394000.0;510769000.0;-1624000.0;509145000.0;90153000.0;599298000.0;599298000.0;259251000.0;23277000.0;22777000.0;500000.0;-3081000.0;1946797000.0;2060752000.0;-113955000.0;56680000.0;112379000.0;-55699000.0;644778000.0;680527000.0;-35749000.0;401779000.0;470214000.0;-68435000.0;2603381000.0;2681664000.0;-78283000.0;131459000.0
2018-09-30;20257;2663691000.0;233779000.0;155533000.0;4311525000.0;22639000.0;50161000.0;700361000.0;33432000.0;58260000.0;494055000.0;114614000.0;3230922000.0;33190000.0;411349000.0;16848000.0;3042035000.0;594507000.0;551685000.0;403177000.0;-80865000.0;322312000.0;47480000.0;369792000.0;-63078000.0;306714000.0;-38995000.0;267719000.0;267719000.0;974521000.0;-678592000.0;-118830000.0;177099000.0;1191867000.0;-160418000.0;1031449000.0;-4741000.0;1026708000.0;261656000.0;1288364000.0;1288364000.0;1946797000.0;56680000.0;174785000.0;4268079000.0;23277000.0;35732000.0;644778000.0;39297000.0;78790000.0;401779000.0;124912000.0;2603381000.0;72546000.0;371676000.0;14887000.0;3042035000.0;594507000.0;711010000.0;214899000.0;-47237000.0;167662000.0;-19249000.0;148413000.0;-47384000.0;101029000.0;-3704000.0;97325000.0;97325000.0;1122150000.0;-706538000.0;-475241000.0;-59629000.0;814437000.0;-107732000.0;706705000.0;-2573000.0;704132000.0;125104000.0;829236000.0;829236000.0;267719000.0;23277000.0;22639000.0;638000.0;-4741000.0;1946797000.0;2663691000.0;-716894000.0;56680000.0;233779000.0;-177099000.0;644778000.0;700361000.0;-55583000.0;401779000.0;494055000.0;-92276000.0;2603381000.0;3230922000.0;-627541000.0;26735000.0
2019-03-31;20257;2253153000.0;20881000.0;146031000.0;4718268000.0;60295000.0;65477000.0;684751000.0;36912000.0;45991000.0;498805000.0;103043000.0;3141586000.0;36927000.0;459362000.0;28811000.0;3042035000.0;594507000.0;935510000.0;342250000.0;-81181000.0;261069000.0;-6935000.0;254134000.0;-64178000.0;189956000.0;-30374000.0;159582000.0;159582000.0;185827000.0;-406349000.0;220534000.0;12000.0;383552000.0;-79854000.0;303698000.0;-3386000.0;300312000.0;44327000.0;344639000.0;344639000.0;1927671000.0;20869000.0;159200000.0;4686634000.0;23218000.0;65828000.0;646805000.0;58314000.0;44768000.0;428280000.0;115443000.0;2871675000.0;46663000.0;450624000.0;28475000.0;3042035000.0;594507000.0;935510000.0;333966000.0;-40187000.0;293779000.0;35741000.0;329520000.0;-51948000.0;277572000.0;-46346000.0;231226000.0;231226000.0;302757000.0;-248485000.0;-17821000.0;36451000.0;372123000.0;-38797000.0;333326000.0;-1484000.0;331842000.0;77496000.0;409338000.0;409338000.0;159582000.0;23218000.0;60295000.0;-37077000.0;-3386000.0;1927671000.0;2253153000.0;-325482000.0;20869000.0;20881000.0;-12000.0;646805000.0;684751000.0;-37946000.0;428280000.0;498805000.0;-70525000.0;2871675000.0;3141586000.0;-269911000.0;140361000.0
2019-06-30;20257;3323771000.0;26530000.0;148501000.0;4998256000.0;53720000.0;71935000.0;759860000.0;56117000.0;42811000.0;547922000.0;113010000.0;4206001000.0;32039000.0;520267000.0;33448000.0;3042035000.0;594507000.0;878340000.0;427498000.0;-88281000.0;339217000.0;79874000.0;419091000.0;-71596000.0;347495000.0;-40071000.0;307424000.0;307424000.0;457903000.0;-1546851000.0;1094609000.0;5661000.0;856469000.0;-161137000.0;695332000.0;-6584000.0;688748000.0;175151000.0;863899000.0;863899000.0;1927671000.0;20869000.0;159200000.0;4686634000.0;23218000.0;65828000.0;646805000.0;58314000.0;44768000.0;428280000.0;115443000.0;2871675000.0;46663000.0;450624000.0;28475000.0;3042035000.0;594507000.0;935510000.0;374264000.0;-52938000.0;321326000.0;42631000.0;363957000.0;-54713000.0;309244000.0;-33087000.0;276157000.0;276157000.0;647095000.0;-154977000.0;-436419000.0;55699000.0;788557000.0;-91163000.0;697394000.0;-3081000.0;694313000.0;166714000.0;861027000.0;861027000.0;307424000.0;23218000.0;53720000.0;-30502000.0;-6584000.0;1927671000.0;3323771000.0;-1396100000.0;20869000.0;26530000.0;-5661000.0;646805000.0;759860000.0;-113055000.0;428280000.0;547922000.0;-119642000.0;2871675000.0;4206001000.0;-1334326000.0;154758000.0
2019-09-30;20257;3130852000.0;18982000.0;132573000.0;5312906000.0;56603000.0;71974000.0;1056561000.0;84284000.0;40028000.0;810817000.0;121432000.0;3954282000.0;46954000.0;598862000.0;32820000.0;3042035000.0;598736000.0;878340000.0;597753000.0;-193100000.0;404653000.0;47912000.0;452565000.0;-48808000.0;403757000.0;-45917000.0;357840000.0;357840000.0;677635000.0;-1412201000.0;732679000.0;-1887000.0;1511014000.0;-347089000.0;1163925000.0;-10374000.0;1153551000.0;289414000.0;1442965000.0;1442965000.0;1927671000.0;20869000.0;159200000.0;4686634000.0;23218000.0;65828000.0;646805000.0;58314000.0;44768000.0;428280000.0;115443000.0;2871675000.0;46663000.0;450624000.0;28475000.0;3042035000.0;594507000.0;935510000.0;431238000.0;-83637000.0;347601000.0;50990000.0;398591000.0;-63078000.0;335513000.0;-40781000.0;294732000.0;294732000.0;974521000.0;-678592000.0;-118830000.0;177099000.0;1264152000.0;-173523000.0;1090629000.0;-4741000.0;1085888000.0;270079000.0;1355967000.0;1355967000.0;357840000.0;23218000.0;56603000.0;-33385000.0;-10374000.0;1927671000.0;3130852000.0;-1203181000.0;20869000.0;18982000.0;1887000.0;646805000.0;1056561000.0;-409756000.0;428280000.0;810817000.0;-382537000.0;2871675000.0;3954282000.0;-1082607000.0;-288981000.0
2020-03-31;20257;3228146000.0;209548000.0;151599000.0;6842384000.0;55626000.0;80655000.0;1039895000.0;81122000.0;46084000.0;795536000.0;117153000.0;5105097000.0;41480000.0;828129000.0;33158000.0;3042035000.0;598736000.0;1299331000.0;690417000.0;-219327000.0;471090000.0;108478000.0;579568000.0;-134859000.0;444709000.0;-80522000.0;364187000.0;364187000.0;83081000.0;24286000.0;19619000.0;126986000.0;758786000.0;-213530000.0;545256000.0;-3446000.0;541810000.0;158077000.0;699887000.0;699887000.0;3568430000.0;82562000.0;128177000.0;5359039000.0;56439000.0;78660000.0;996501000.0;91200000.0;40731000.0;743002000.0;121568000.0;4600202000.0;30407000.0;644332000.0;31739000.0;3042035000.0;598736000.0;1286024000.0;342250000.0;-81181000.0;261069000.0;-6935000.0;254134000.0;-64178000.0;189956000.0;-30374000.0;159582000.0;159582000.0;185827000.0;-406349000.0;220534000.0;12000.0;383552000.0;-79854000.0;303698000.0;-3386000.0;300312000.0;44327000.0;344639000.0;344639000.0;364187000.0;56439000.0;55626000.0;813000.0;-3446000.0;3568430000.0;3228146000.0;340284000.0;82562000.0;209548000.0;-126986000.0;996501000.0;1039895000.0;-43394000.0;743002000.0;795536000.0;-52534000.0;4600202000.0;5105097000.0;-504895000.0;-708165000.0
2020-06-30;20257;3841299000.0;1524256000.0;144561000.0;7241004000.0;55371000.0;82880000.0;1187778000.0;59420000.0;45519000.0;925109000.0;157730000.0;5909426000.0;58512000.0;930461000.0;36870000.0;3042035000.0;598736000.0;1211324000.0;755654000.0;-282363000.0;473291000.0;88536000.0;561827000.0;-28457000.0;533370000.0;-95522000.0;437848000.0;437848000.0;86021000.0;776713000.0;578960000.0;1441694000.0;1589232000.0;-488022000.0;1101210000.0;-7491000.0;1093719000.0;293310000.0;1387029000.0;1387029000.0;3568430000.0;82562000.0;128177000.0;5359039000.0;56439000.0;78660000.0;996501000.0;91200000.0;40731000.0;743002000.0;121568000.0;4600202000.0;30407000.0;644332000.0;31739000.0;3042035000.0;598736000.0;1286024000.0;427498000.0;-88281000.0;339217000.0;79874000.0;419091000.0;-71596000.0;347495000.0;-40071000.0;307424000.0;307424000.0;457903000.0;-1546851000.0;1094609000.0;5661000.0;856469000.0;-161137000.0;695332000.0;-6584000.0;688748000.0;175151000.0;863899000.0;863899000.0;437848000.0;56439000.0;55371000.0;1068000.0;-7491000.0;3568430000.0;3841299000.0;-272869000.0;82562000.0;1524256000.0;-1441694000.0;996501000.0;1187778000.0;-191277000.0;743002000.0;925109000.0;-182107000.0;4600202000.0;5909426000.0;-1309224000.0;-2422144000.0
2020-09-30;20257;3358290000.0;1789887000.0;183129000.0;7857655000.0;54083000.0;85517000.0;926143000.0;66115000.0;54331000.0;651420000.0;154277000.0;5974829000.0;88715000.0;1071255000.0;37654000.0;3042035000.0;598736000.0;1224261000.0;941221000.0;-253750000.0;687471000.0;173513000.0;860984000.0;-119288000.0;741696000.0;-109782000.0;631914000.0;631914000.0;319620000.0;1437529000.0;-49824000.0;1707325000.0;2610532000.0;-727685000.0;1882847000.0;-12102000.0;1870745000.0;511382000.0;2382127000.0;2382127000.0;3568430000.0;82562000.0;128177000.0;5359039000.0;56439000.0;78660000.0;996501000.0;91200000.0;40731000.0;743002000.0;121568000.0;4600202000.0;30407000.0;644332000.0;31739000.0;3042035000.0;598736000.0;1286024000.0;597753000.0;-193100000.0;404653000.0;47912000.0;452565000.0;-48808000.0;403757000.0;-45917000.0;357840000.0;357840000.0;677635000.0;-1412201000.0;732679000.0;-1887000.0;1511014000.0;-347089000.0;1163925000.0;-10374000.0;1153551000.0;289414000.0;1442965000.0;1442965000.0;631914000.0;56439000.0;54083000.0;2356000.0;-12102000.0;3568430000.0;3358290000.0;210140000.0;82562000.0;1789887000.0;-1707325000.0;996501000.0;926143000.0;70358000.0;743002000.0;651420000.0;91582000.0;4600202000.0;5974829000.0;-1374627000.0;-2512696000.0
2021-03-31;20257;2618436000.0;1021839000.0;202379000.0;9187306000.0;77617000.0;89515000.0;895118000.0;81622000.0;48052000.0;536844000.0;228600000.0;5919236000.0;103207000.0;1453186000.0;51677000.0;3042035000.0;598736000.0;2400431000.0;908449000.0;-197049000.0;711400000.0;162644000.0;874044000.0;-183098000.0;690946000.0;-135094000.0;555852000.0;555852000.0;163252000.0;-24113000.0;-13331000.0;125808000.0;977583000.0;-191615000.0;785968000.0;-4687000.0;781281000.0;209662000.0;990943000.0;990943000.0;2360161000.0;896031000.0;190378000.0;8629485000.0;73676000.0;89572000.0;841643000.0;85086000.0;55157000.0;449739000.0;251661000.0;5803047000.0;101503000.0;1288527000.0;44795000.0;3042035000.0;598736000.0;2400431000.0;688398000.0;-219327000.0;469071000.0;137377000.0;606448000.0;-134859000.0;471589000.0;-80348000.0;391241000.0;391241000.0;83081000.0;24286000.0;19619000.0;126986000.0;756668000.0;-213530000.0;543138000.0;-3446000.0;539692000.0;186976000.0;726668000.0;726668000.0;555852000.0;73676000.0;77617000.0;-3941000.0;-4687000.0;2360161000.0;2618436000.0;-258275000.0;896031000.0;1021839000.0;-125808000.0;841643000.0;895118000.0;-53475000.0;449739000.0;536844000.0;-87105000.0;5803047000.0;5919236000.0;-116189000.0;430804000.0
2021-06-30;20257;2252478000.0;719541000.0;154202000.0;9607132000.0;81359000.0;89870000.0;1120353000.0;68425000.0;44242000.0;893063000.0;114623000.0;5908932000.0;95238000.0;1623674000.0;58000000.0;3042035000.0;598736000.0;1944396000.0;904321000.0;-131497000.0;772824000.0;242225000.0;1015049000.0;-173138000.0;841911000.0;-144016000.0;697895000.0;697895000.0;658938000.0;-32878000.0;-802550000.0;-176490000.0;1949424000.0;-311711000.0;1637713000.0;-10495000.0;1627218000.0;496972000.0;2124190000.0;2124190000.0;2360161000.0;896031000.0;190378000.0;8629485000.0;73676000.0;89572000.0;841643000.0;85086000.0;55157000.0;449739000.0;251661000.0;5803047000.0;101503000.0;1288527000.0;44795000.0;3042035000.0;598736000.0;2400431000.0;760069000.0;-282363000.0;477706000.0;110472000.0;588178000.0;-28457000.0;559721000.0;-95491000.0;464230000.0;464230000.0;86021000.0;776713000.0;578960000.0;1441694000.0;1591659000.0;-488022000.0;1103637000.0;-7491000.0;1096146000.0;344145000.0;1440291000.0;1440291000.0;697895000.0;73676000.0;81359000.0;-7683000.0;-10495000.0;2360161000.0;2252478000.0;107683000.0;896031000.0;719541000.0;176490000.0;841643000.0;1120353000.0;-278710000.0;449739000.0;893063000.0;-443324000.0;5803047000.0;5908932000.0;-105885000.0;-64029000.0
2021-09-30;20257;2520585000.0;967879000.0;209418000.0;10111122000.0;87509000.0;94841000.0;1238042000.0;114616000.0;54965000.0;943281000.0;125180000.0;6057821000.0;85738000.0;1739125000.0;58433000.0;3042035000.0;598736000.0;1944396000.0;942321000.0;-195024000.0;747297000.0;108915000.0;856212000.0;-230358000.0;625854000.0;-88965000.0;536889000.0;536889000.0;1000835000.0;-65831000.0;-863156000.0;71848000.0;2979785000.0;-491744000.0;2488041000.0;-16513000.0;2471528000.0;654046000.0;3125574000.0;3125574000.0;2360161000.0;896031000.0;190378000.0;8629485000.0;73676000.0;89572000.0;841643000.0;85086000.0;55157000.0;449739000.0;251661000.0;5803047000.0;101503000.0;1288527000.0;44795000.0;3042035000.0;598736000.0;2400431000.0;943977000.0;-253750000.0;690227000.0;196093000.0;886320000.0;-119288000.0;767032000.0;-109664000.0;657368000.0;657368000.0;319620000.0;1437529000.0;-49824000.0;1707325000.0;2615777000.0;-727685000.0;1888092000.0;-12102000.0;1875990000.0;584797000.0;2460787000.0;2460787000.0;536889000.0;73676000.0;87509000.0;-13833000.0;-16513000.0;2360161000.0;2520585000.0;-160424000.0;896031000.0;967879000.0;-71848000.0;841643000.0;1238042000.0;-396399000.0;449739000.0;943281000.0;-493542000.0;5803047000.0;6057821000.0;-254774000.0;-521930000.0
2022-03-31;20257;3326999000.0;1453195000.0;208990000.0;10308739000.0;92114000.0;98836000.0;1432996000.0;89227000.0;53363000.0;1041269000.0;249137000.0;6648365000.0;95591000.0;1921595000.0;50899000.0;3042035000.0;598736000.0;3021522000.0;795647000.0;-69712000.0;725935000.0;169356000.0;895291000.0;-228179000.0;667112000.0;-107189000.0;559923000.0;559923000.0;385352000.0;-46943000.0;729962000.0;1068371000.0;861082000.0;-54297000.0;806785000.0;-6856000.0;799929000.0;233705000.0;1033634000.0;1033634000.0;2135183000.0;384824000.0;212069000.0;10138624000.0;86349000.0;98801000.0;1417130000.0;131622000.0;58894000.0;958046000.0;268568000.0;5846840000.0;86366000.0;1810960000.0;49583000.0;3042035000.0;598736000.0;3021522000.0;908449000.0;-197049000.0;711400000.0;162644000.0;874044000.0;-183098000.0;690946000.0;-135094000.0;555852000.0;555852000.0;163252000.0;-24113000.0;-13331000.0;125808000.0;977583000.0;-191615000.0;785968000.0;-4687000.0;781281000.0;209662000.0;990943000.0;990943000.0;559923000.0;86349000.0;92114000.0;-5765000.0;-6856000.0;2135183000.0;3326999000.0;-1191816000.0;384824000.0;1453195000.0;-1068371000.0;1417130000.0;1432996000.0;-15866000.0;958046000.0;1041269000.0;-83223000.0;5846840000.0;6648365000.0;-801525000.0;-218337000.0
2022-06-30;20257;3953127000.0;1843025000.0;227337000.0;10408456000.0;97352000.0;101318000.0;1279304000.0;97945000.0;35654000.0;1031222000.0;114483000.0;7605490000.0;99642000.0;2025435000.0;66082000.0;3042035000.0;598736000.0;2368240000.0;847721000.0;-93797000.0;753924000.0;171208000.0;925132000.0;-260577000.0;664555000.0;-100533000.0;564022000.0;564022000.0;1015706000.0;-102859000.0;545354000.0;1458201000.0;1775607000.0;-146284000.0;1629323000.0;-13946000.0;1615377000.0;506691000.0;2122068000.0;2122068000.0;2135183000.0;384824000.0;212069000.0;10138624000.0;86349000.0;98801000.0;1417130000.0;131622000.0;58894000.0;958046000.0;268568000.0;5846840000.0;86366000.0;1810960000.0;49583000.0;3042035000.0;598736000.0;3021522000.0;904321000.0;-131497000.0;772824000.0;242225000.0;1015049000.0;-173138000.0;841911000.0;-144016000.0;697895000.0;697895000.0;658938000.0;-32878000.0;-802550000.0;-176490000.0;1949424000.0;-311711000.0;1637713000.0;-10495000.0;1627218000.0;496972000.0;2124190000.0;2124190000.0;564022000.0;86349000.0;97352000.0;-11003000.0;-13946000.0;2135183000.0;3953127000.0;-1817944000.0;384824000.0;1843025000.0;-1458201000.0;1417130000.0;1279304000.0;137826000.0;958046000.0;1031222000.0;-73176000.0;5846840000.0;7605490000.0;-1758650000.0;-773178000.0
2022-09-30;20257;3620492000.0;1564460000.0;234180000.0;10302699000.0;129781000.0;109700000.0;975305000.0;86758000.0;40660000.0;711358000.0;136529000.0;7762053000.0;87884000.0;2016958000.0;58961000.0;3042035000.0;598736000.0;2368240000.0;463793000.0;-137843000.0;325950000.0;70849000.0;396799000.0;-85759000.0;311040000.0;-8586000.0;302454000.0;302454000.0;1451457000.0;-165082000.0;-106739000.0;1179636000.0;2286001000.0;-268221000.0;2017780000.0;-19727000.0;1998053000.0;679514000.0;2677567000.0;2677567000.0;2135183000.0;384824000.0;212069000.0;10138624000.0;86349000.0;98801000.0;1417130000.0;131622000.0;58894000.0;958046000.0;268568000.0;5846840000.0;86366000.0;1810960000.0;49583000.0;3042035000.0;598736000.0;3021522000.0;942321000.0;-195024000.0;747297000.0;108915000.0;856212000.0;-230358000.0;625854000.0;-88965000.0;536889000.0;536889000.0;1000835000.0;-65831000.0;-863156000.0;71848000.0;2979785000.0;-491744000.0;2488041000.0;-16513000.0;2471528000.0;654046000.0;3125574000.0;3125574000.0;302454000.0;86349000.0;129781000.0;-43432000.0;-19727000.0;2135183000.0;3620492000.0;-1485309000.0;384824000.0;1564460000.0;-1179636000.0;1417130000.0;975305000.0;441825000.0;958046000.0;711358000.0;246688000.0;5846840000.0;7762053000.0;-1915213000.0;-594868000.0
2023-03-31;20257;3196076000.0;1039721000.0;242392000.0;11133544000.0;216765000.0;140628000.0;1132149000.0;105310000.0;41973000.0;808450000.0;176416000.0;8544262000.0;100426000.0;2105328000.0;63179000.0;3042035000.0;598736000.0;2459295000.0;692915000.0;-106446000.0;586469000.0;143154000.0;729623000.0;-281703000.0;447920000.0;-61148000.0;386772000.0;386772000.0;-455701000.0;-21736000.0;433984000.0;-43453000.0;758683000.0;-91172000.0;667511000.0;-5236000.0;662275000.0;221189000.0;883464000.0;883464000.0;3089668000.0;1083174000.0;202942000.0;10267452000.0;203712000.0;136940000.0;1021517000.0;133728000.0;38967000.0;637921000.0;210901000.0;7518267000.0;87437000.0;2051922000.0;59462000.0;3042035000.0;598736000.0;2919295000.0;795647000.0;-69712000.0;725935000.0;169356000.0;895291000.0;-228179000.0;667112000.0;-107189000.0;559923000.0;559923000.0;385352000.0;-46943000.0;729962000.0;1068371000.0;861082000.0;-54297000.0;806785000.0;-6856000.0;799929000.0;233705000.0;1033634000.0;1033634000.0;386772000.0;203712000.0;216765000.0;-13053000.0;-5236000.0;3089668000.0;3196076000.0;-106408000.0;1083174000.0;1039721000.0;43453000.0;1021517000.0;1132149000.0;-110632000.0;637921000.0;808450000.0;-170529000.0;7518267000.0;8544262000.0;-1025995000.0;-762706000.0
2023-06-30;20257;3598345000.0;1323640000.0;334517000.0;11218457000.0;223699000.0;145871000.0;1189144000.0;127853000.0;45375000.0;816981000.0;198935000.0;8609145000.0;171967000.0;2087838000.0;64945000.0;3042035000.0;598736000.0;2459295000.0;678504000.0;-240191000.0;438313000.0;32407000.0;470720000.0;-243267000.0;227453000.0;-7127000.0;220326000.0;220326000.0;12331000.0;-37759000.0;265894000.0;240466000.0;1501065000.0;-314425000.0;1186640000.0;-9024000.0;1177616000.0;339314000.0;1516930000.0;1516930000.0;3089668000.0;1083174000.0;202942000.0;10267452000.0;203712000.0;136940000.0;1021517000.0;133728000.0;38967000.0;637921000.0;210901000.0;7518267000.0;87437000.0;2051922000.0;59462000.0;3042035000.0;598736000.0;2919295000.0;847721000.0;-93797000.0;753924000.0;171208000.0;925132000.0;-260577000.0;664555000.0;-100533000.0;564022000.0;564022000.0;1015706000.0;-102859000.0;545354000.0;1458201000.0;1775607000.0;-146284000.0;1629323000.0;-13946000.0;1615377000.0;506691000.0;2122068000.0;2122068000.0;220326000.0;203712000.0;223699000.0;-19987000.0;-9024000.0;3089668000.0;3598345000.0;-508677000.0;1083174000.0;1323640000.0;-240466000.0;1021517000.0;1189144000.0;-167627000.0;637921000.0;816981000.0;-179060000.0;7518267000.0;8609145000.0;-1090878000.0;-938065000.0
