DT_REFER;CD_CVM;VL_CONTA_1.01;VL_CONTA_1.01.01;VL_CONTA_1.02.03;VL_CONTA_2.01;VL_CONTA_2.01.03;VL_CONTA_2.01.04;VL_CONTA_2.02.01;VL_CONTA_3.11;VL_CONTA_6.01;VL_CONTA_6.02;VL_CONTA_6.03;VL_CONTA_7.04.01;VL_CONTA_PENULTIMO_1.01;VL_CONTA_PENULTIMO_1.01.01;VL_CONTA_PENULTIMO_1.02.03;VL_CONTA_PENULTIMO_2.01;VL_CONTA_PENULTIMO_2.01.03;VL_CONTA_PENULTIMO_2.01.04;VL_CONTA_PENULTIMO_2.02.01;VL_CONTA_PENULTIMO_6.01;VL_CONTA_PENULTIMO_6.02;VL_CONTA_PENULTIMO_6.03;VL_CONTA_1.01_pred_glm;VL_CONTA_1.01.01_pred_glm;VL_CONTA_1.02.03_pred_glm;VL_CONTA_2.01_pred_glm;VL_CONTA_2.01.04_pred_glm;VL_CONTA_2.02.01_pred_glm;VL_CONTA_PENULTIMO_1.01_pred_glm;VL_CONTA_PENULTIMO_1.01.01_pred_glm;VL_CONTA_PENULTIMO_1.02.03_pred_glm;VL_CONTA_PENULTIMO_2.01_pred_glm;VL_CONTA_PENULTIMO_2.01.04_pred_glm;VL_CONTA_PENULTIMO_2.02.01_pred_glm;VL_CONTA_3.11_pred_glm;VL_CONTA_7.04.01_pred_glm
2011-03-31;20257.0;-288776000.0;402190000.0;143000.0;-138449000.0;7513000.0;-13915000.0;511000.0;72834000.0;-521295000.0;60961000.0;-467860000.0;-373000.0;0.0;0.0;1199000.0;0.0;0.0;0.0;0.0;7112000.0;-5009000.0;-52834000.0;-169880043.67283258;16270556.050631585;3494274.573778578;-18767298.992956318;-131144445.67067304;185256678.02102628;73132768.24871658;-17462990.57886856;-4939643.467186314;459871.7787374514;-185653.3045728095;55388000.57263952;214082256.86686116;-144842.74093287392
2011-06-30;20257.0;-288776000.0;402190000.0;143000.0;-138449000.0;4680000.0;-13915000.0;511000.0;72746000.0;-521295000.0;60419000.0;-467860000.0;-746000.0;0.0;0.0;1199000.0;0.0;0.0;0.0;0.0;7112000.0;-8062000.0;-81492000.0;-169880043.67283258;16270556.050631585;3494274.573778578;-18767298.992956318;-131144445.67067304;185256678.02102628;73132768.24871658;-17462990.57886856;-4939643.467186314;459871.7787374514;-185653.3045728095;55388000.57263952;219768461.8725306;-143218.69110207702
2011-09-30;20257.0;185446000.0;402190000.0;143000.0;-138449000.0;5302000.0;-13915000.0;-3338000.0;276921000.0;-521295000.0;59732000.0;-73144000.0;-1117000.0;279000.0;0.0;1199000.0;279000.0;279000.0;0.0;0.0;7112000.0;-14334000.0;-132256000.0;64652959.55107327;16270556.050631585;3386803.788588974;-18767298.992956318;-131144445.67067304;185364043.64435026;-54459686.501397565;-51892656.69407827;-4939643.467186314;1031128.0823364331;-467673.00329122104;55483229.20357094;223380579.75901088;-3911291.1252269954
2011-12-31;20257.0;369536500.0;250868000.0;579500.0;569276000.0;12587500.0;657874500.0;250918500.0;186371500.0;-521295000.0;28448500.0;223993000.0;-761500.0;237676500.0;40414000.0;1199000.0;669837500.0;-1114000.0;626965000.0;264063000.0;-211337000.0;23314000.0;-70285500.0;263554561.81838667;16270556.050631585;5080501.522611864;658393173.8736814;559233074.4832466;117841821.35140042;25021362.565980375;-53117001.748424634;7747133.099900402;684035073.4815633;610228655.746657;-151259470.99571097;221142921.2845072;-2240189.987116089
2012-03-31;20257.0;553627000.0;99546000.0;1016000.0;1277001000.0;19873000.0;1329664000.0;505175000.0;95822000.0;-521295000.0;-2835000.0;521130000.0;-406000.0;475074000.0;80828000.0;1199000.0;1339396000.0;-2507000.0;1253930000.0;528126000.0;-429786000.0;60962000.0;-8315000.0;462456164.08570015;16270556.050631585;6774199.256634754;1335553646.7403193;1249610594.6371663;50319599.05845058;104502411.63335833;-54341346.802771;20433909.66698712;1367039018.8807902;1220924984.4966054;-358002171.1949928;218905262.81000352;-569088.8490051827
2012-06-30;20257.0;824361000.0;621284000.0;-810000.0;-337853000.0;17509000.0;-377294000.0;3601000.0;73946000.0;1068652000.0;-4239000.0;607103000.0;-801000.0;0.0;0.0;-2398000.0;0.0;0.0;0.0;-528126000.0;457039000.0;60419000.0;-476175000.0;723997264.0571067;58987184.03702329;-3019250.8642124357;-385051522.6520132;-325660732.40460527;230021180.7993377;-265086073.87136477;-146981566.04921064;-12840904.77296513;459871.7787374514;-185653.3045728095;85440449.98215069;184760105.38911718;-165364.8251584007
2012-09-30;20257.0;1444366000.0;-1555048000.0;1036000.0;-604457000.0;20853000.0;-646079000.0;211013000.0;299542000.0;-523113000.0;-2611865000.0;1626414000.0;-1307000.0;0.0;0.0;1199000.0;0.0;0.0;0.0;0.0;7618000.0;59732000.0;-549319000.0;1283953860.6804001;16270556.050631585;3501722.362444658;-655985465.0542973;-585729838.8839803;289871512.2806968;-446217424.2402946;119257680.45025745;616075.9454016685;459871.7787374514;-185653.3045728095;271310897.2937824;189327830.04135722;-4328764.207300412
2012-12-31;20257.0;572900500.0;-580684000.0;102500.0;-1621837000.0;18523500.0;-1559842500.0;1064902000.0;235344000.0;-639268000.0;-1308628500.0;-443660500.0;-873000.0;1102962500.0;21645000.0;2358500.0;-502464500.0;3793500.0;-443116000.0;1150457500.0;-263863000.0;29327000.0;-282247500.0;468956288.7285642;2500767.296052441;3136047.018114976;-1577054525.7470798;-1578172216.155088;942710036.2207484;792014944.7217715;140818890.1355117;5554427.173600391;-471122147.75125575;-469018562.34391624;1160773492.5130436;204169521.47719976;-3143982.9455105183
2013-03-31;20257.0;-298565000.0;393680000.0;-831000.0;-2639217000.0;16194000.0;-2473606000.0;1918791000.0;171146000.0;-755423000.0;-5392000.0;-2513735000.0;-439000.0;2205925000.0;43290000.0;3518000.0;-1004929000.0;7587000.0;-886232000.0;2300915000.0;-535344000.0;-1078000.0;-15176000.0;-346041283.2232717;-11269021.458526704;2770371.673785294;-2498123586.4398623;-2570614593.426196;1595548560.1608;2030247313.6838374;162380099.82076588;10492778.401799142;-942704167.2812489;-937851471.3832597;2050236087.732305;219011212.91304234;-1959201.6837206245
2013-06-30;20257.0;-1821304000.0;-36312000.0;116000.0;2600766000.0;14760000.0;2573868000.0;-332106000.0;102403000.0;1434332000.0;-180216000.0;-436232000.0;-855000.0;0.0;0.0;-7036000.0;0.0;0.0;0.0;-2300915000.0;539745000.0;-1865000.0;618793000.0;-1187517382.5399935;114066339.05533987;-4517329.7197746355;2589705087.009276;2540927981.993206;-429673802.19949216;-163921842.83457023;51336241.849763125;-19250709.32018788;459871.7787374514;-185653.3045728095;-1356539047.1246247;286490193.229853;-690541.939192405
2013-09-30;20257.0;70458000.0;379762000.0;3349000.0;-212185000.0;35143000.0;-358152000.0;-201577000.0;477947000.0;-643271000.0;-212574000.0;-266437000.0;-1369000.0;0.0;0.0;3518000.0;0.0;0.0;0.0;0.0;65805000.0;-2388887000.0;2242309000.0;4548004.559644661;-11269021.458526704;3993972.8522899942;-365756481.91140443;-203073057.52707124;201809783.15864423;-128580203.74058078;-31372430.591377694;10588295.998034239;459871.7787374514;-185653.3045728095;129744488.09346147;447001970.0580473;-7621248.412565779
2013-12-31;20257.0;101978500.0;209582500.0;138000.0;-21738000.0;37662000.0;-91056000.0;-151702000.0;294726500.0;-793121000.0;-219148500.0;390173000.0;-877500.0;-987323000.0;-208778000.0;4460500.0;227304000.0;-5392000.0;260222500.0;-445558500.0;-296077000.0;-1197699500.0;966951000.0;47563208.76255529;-22461799.29482756;707229.2082530224;-96525043.10387991;-17294220.29403083;-220888570.47530857;-302415508.8117257;-60875013.19198276;974190.2105609933;249876513.3281281;239083812.00379154;-486571952.3121266;318955326.0584467;-4239893.616843555
2014-03-31;20257.0;133499000.0;39403000.0;-3073000.0;168709000.0;40181000.0;176040000.0;-101827000.0;111506000.0;-942971000.0;-225723000.0;1046783000.0;-386000.0;-1974646000.0;-417556000.0;5403000.0;454608000.0;-10784000.0;520445000.0;-891117000.0;-657959000.0;-6512000.0;-308407000.0;90578412.96546593;-33654577.131128415;-2579514.435783949;172706395.7036446;168484616.9390096;-643586924.1092613;-476250813.8828706;-90377595.79258785;-8639915.576912254;499293154.8775188;478353277.3121559;-1102888392.7177148;190908682.05884615;-858538.8211213341
2014-06-30;20257.0;-251105000.0;-196866000.0;-330000.0;-556614000.0;60336000.0;-541686000.0;78371000.0;80081000.0;1843840000.0;16071000.0;-790952000.0;-735000.0;0.0;0.0;-10806000.0;0.0;0.0;0.0;891117000.0;647008000.0;-180216000.0;-744639000.0;61944741.80295772;158837450.4005433;-6194958.455236147;-550757840.5618529;-539059547.8857479;279131165.51522195;228568649.35641772;108477600.09478092;2624220.7866235636;459871.7787374514;-185653.3045728095;41081148.06247877;158641488.18624198;-278586.93552135583
2014-09-30;20257.0;488096000.0;350744000.0;-4472000.0;389810000.0;105160000.0;378113000.0;-172828000.0;497621000.0;-775511000.0;-97083000.0;-278119000.0;-1080000.0;0.0;0.0;5403000.0;0.0;0.0;0.0;0.0;68621000.0;-212574000.0;-1011076000.0;-272223283.14408994;-33654577.131128415;4535719.592225308;376394974.0955071;384166075.2505738;66667023.48466791;-105257933.41737403;-25618077.61474476;8635765.216325462;459871.7787374514;-185653.3045728095;-116517984.53859468;141873511.4565954;-7984334.280419206
2014-12-31;20257.0;238460500.0;-17672500.0;1076500.0;100982000.0;57957500.0;157217500.0;-91112500.0;349777000.0;-1221586500.0;-250837000.0;373058500.0;-742500.0;-541000.0;-9643500.0;3358500.0;-172901500.0;616000.0;-168177000.0;-92807500.0;-403424500.0;-219148500.0;-487684500.0;-24649840.979607373;-9374859.055460405;5849762.944333589;153733409.37305698;102417714.81252754;131298264.77470091;-255639299.6192558;-22297009.125554122;2530326.798762493;-182124318.76198277;-158460481.81550488;-27889646.45065648;182399007.14402086;-5255856.7442332655
2015-03-31;20257.0;-11175000.0;-386089000.0;6625000.0;-187846000.0;10755000.0;-63678000.0;-9397000.0;201933000.0;-1667662000.0;-404591000.0;1024236000.0;-405000.0;-1082000.0;-19287000.0;1314000.0;-345803000.0;1232000.0;-336354000.0;-185615000.0;-875470000.0;-225723000.0;35707000.0;222923601.18487528;14904859.020207606;7163806.296441869;-68928155.3493931;-179330645.62551874;195929506.06473392;-406020665.82113755;-18975940.63636349;-3575111.618800476;-364708509.302703;-316735310.32643694;60738691.637281686;222924502.83144635;-2527379.2080473243
2015-06-30;20257.0;-12709000.0;73594000.0;-3610000.0;494652000.0;17141000.0;400794000.0;-453101000.0;240521000.0;2774609000.0;-523830000.0;-409532000.0;-794000.0;0.0;0.0;-2628000.0;0.0;0.0;0.0;185615000.0;968370000.0;16071000.0;-755245000.0;-66205751.36452365;61718578.097871244;-10008033.707677554;399257309.224425;486438228.93735504;43130885.792927906;-254965019.77739617;31072014.720880937;2275393.5556965433;459871.7787374514;-185653.3045728095;-304283521.489826;158983372.56434417;-3239525.0588518414
2015-09-30;20257.0;39219000.0;407819000.0;119000.0;-417819000.0;12021000.0;-427451000.0;25218000.0;158993000.0;-1277916000.0;-85095000.0;-581577000.0;-1222000.0;0.0;0.0;1314000.0;0.0;0.0;0.0;0.0;192859000.0;-97083000.0;-1033364000.0;-43338951.36423441;14904859.020207606;6593918.857781881;-435609529.04772484;-403666636.9249039;247972867.97296733;125999789.950751;-8462445.29147239;3613486.7591893002;459871.7787374514;-185653.3045728095;186826040.98916587;142993651.6668166;-1734916.7110652057
2015-12-31;20257.0;-67303000.0;101385500.0;87500.0;-529270500.0;41203500.0;-553863000.0;134915500.0;206339000.0;-1344621000.0;-50190000.0;179785500.0;-1183500.0;147633000.0;15294000.0;-28000.0;128328500.0;6248500.0;129374000.0;-215798500.0;-640972000.0;-250837000.0;-521246000.0;266515415.39844155;30841949.583937846;4898157.37635033;-563032195.9635034;-512386281.11923724;329805359.5297542;-40165351.55663592;-24867269.24526791;168457.13555007055;155526360.3913353;103556312.99116795;280792434.3426569;189151310.8125325;-2608692.4302574596
2016-03-31;20257.0;-173825000.0;-205048000.0;56000.0;-640722000.0;70386000.0;-680275000.0;244613000.0;253685000.0;-1411326000.0;-15285000.0;941148000.0;-1145000.0;295266000.0;30588000.0;-1370000.0;256657000.0;12497000.0;258748000.0;-431597000.0;-1474803000.0;-404591000.0;-9128000.0;576369782.1611177;46779040.147668086;3202395.8949187812;-690454862.879282;-621105925.3135707;411637851.08654106;-206330493.06402287;-41272093.19906342;-3276572.4880891517;310592849.00393313;207298279.2869087;374758827.696148;235308969.95824844;-3482468.149449713
2016-06-30;20257.0;-261381000.0;-327624000.0;-31000.0;635755000.0;14440000.0;764658000.0;-5505000.0;207207000.0;2669198000.0;-24018000.0;-557107000.0;-1785000.0;0.0;0.0;2740000.0;0.0;0.0;0.0;431597000.0;1299806000.0;-523830000.0;-418660000.0;-95332220.12494808;-2029784.1570497118;-9576197.1559283;766030410.4698989;624082567.1001704;11454461.872003168;97281466.68279935;109418202.98561263;-4803016.358011998;459871.7787374514;-185653.3045728095;-276628763.0919627;211981796.3133728;-2624711.467224867
2016-09-30;20257.0;253418000.0;242489000.0;348000.0;140087000.0;27673000.0;34360000.0;34201000.0;217556000.0;-1120499000.0;-291547000.0;-215085000.0;-2491000.0;0.0;0.0;-1370000.0;0.0;0.0;0.0;0.0;21890000.0;-85095000.0;-1000237000.0;-139622941.29902324;46779040.147668086;5949029.667216263;29893660.768452488;140564188.2670742;122727713.97888196;16101922.62359646;-13450449.135650173;13369283.998806428;459871.7787374514;-185653.3045728095;-118194544.9060621;174331325.68164533;-2815703.4183489457
2016-12-31;20257.0;211969000.0;106368500.0;241500.0;309556500.0;39387000.0;257967500.0;-403169000.0;209461500.0;-1315897000.0;-264582000.0;300793500.0;-1653000.0;-63667000.0;-15468000.0;-1328000.0;32971500.0;403000.0;22408000.0;-213452000.0;-683773000.0;-50190000.0;-529663000.0;-174319208.91082036;46280263.84090455;6151407.457006951;255288907.9947439;305879717.81841785;60182724.580020726;-445767482.73726374;-36235527.78755173;8965559.34085985;23982604.137321956;30743224.600300502;-233087473.6827477;198847559.35207748;-2666318.516583185
2017-03-31;20257.0;170520000.0;-29752000.0;135000.0;479026000.0;51101000.0;481575000.0;-840539000.0;201367000.0;-1511295000.0;-237617000.0;816672000.0;-815000.0;-127334000.0;-30936000.0;-1286000.0;65943000.0;806000.0;44816000.0;-426904000.0;-1389436000.0;-15285000.0;-59089000.0;-209015476.52261752;45781487.534141004;6353785.24679764;480684155.22103536;471195247.3697615;-2362264.818840489;-907636888.0981239;-59020606.439453274;4561834.682913274;47505336.49590646;61672102.50517381;-347980402.45943326;223363793.0225097;-2516933.6148174247
2017-06-30;20257.0;-72989000.0;-122051000.0;-937000.0;-500117000.0;86932000.0;-513680000.0;23002000.0;72034000.0;2589962000.0;-378994000.0;-378938000.0;-1624000.0;0.0;0.0;2572000.0;0.0;0.0;0.0;426904000.0;1279762000.0;-24018000.0;-616196000.0;514206385.93728036;-34678.929995551705;-9251591.554858167;-522527931.93258286;-483947380.3685116;266448069.32123253;60332648.45744987;60330221.05101634;-6210651.779687647;459871.7787374514;-185653.3045728095;246761219.0939865;190256556.82464382;-130078.65156199154
2017-09-30;20257.0;212191000.0;90060000.0;2702000.0;5355000.0;102257000.0;12627000.0;-8253000.0;97325000.0;-1204643000.0;-760842000.0;-81694000.0;-2573000.0;0.0;0.0;-1286000.0;0.0;0.0;0.0;0.0;159263000.0;-291547000.0;-831281000.0;50807030.258175485;45781487.534141004;6293741.839668751;7986904.921850778;9134686.631017948;152973902.5624984;-55107732.47929843;-211167.2519749133;6014792.670406778;459871.7787374514;-185653.3045728095;-54311198.302576505;191671159.03329176;-596826.8819107283
2017-12-31;20257.0;-79514000.0;91979000.0;1060000.0;-365204500.0;81710500.0;-329193500.0;104151000.0;157301000.0;-1266263000.0;-504663500.0;187863000.0;-2028500.0;-4040500.0;-22412500.0;236000.0;-214794500.0;26745500.0;-253795500.0;111147000.0;-604131000.0;-256835500.0;-422945000.0;-48244043.59561509;27706784.227138456;-4397889.010159758;-336566458.02221215;-352341803.0782284;234606482.59904224;-63722216.71997896;-24036817.813444693;3247897.6469819043;-223062647.85914534;-245767632.9079374;120119037.84333944;217018006.3028252;-1703690.6620457894
2018-03-31;20257.0;-371219000.0;93898000.0;-582000.0;-735764000.0;61164000.0;-671014000.0;216555000.0;217277000.0;-1327883000.0;-248485000.0;457420000.0;-1484000.0;-8081000.0;-44825000.0;1758000.0;-429589000.0;53491000.0;-507591000.0;222294000.0;-1367525000.0;-222124000.0;-14609000.0;-147295117.4494056;9632080.920135904;-15089519.859988267;-681119820.9662751;-713818292.7874749;316239062.63558614;-72336700.96065947;-47862468.374914475;481002.6235570237;-446585167.4970281;-491349612.511302;294549273.9892554;242364853.57235873;-2810554.4421808505
2018-06-30;20257.0;-55683000.0;-32007000.0;-1312000.0;715083000.0;73761000.0;662052000.0;61543000.0;259251000.0;2512631000.0;-154977000.0;-418598000.0;-3081000.0;0.0;0.0;-3516000.0;0.0;0.0;0.0;-222294000.0;1234828000.0;-344906000.0;-393547000.0;-72675943.64311333;72264134.29801466;-8934790.154783018;662604073.0845212;701466110.028243;-6353999.725546956;99196547.43878222;49095569.00950837;-3894093.738698289;459871.7787374514;-185653.3045728095;-421809489.2197825;243185777.6766379;-3585189.301247628
2018-09-30;20257.0;602939000.0;102152000.0;21000.0;-38415000.0;58260000.0;-16991000.0;549258000.0;267719000.0;-1234947000.0;-678592000.0;317589000.0;-4741000.0;0.0;0.0;1758000.0;0.0;0.0;0.0;0.0;31666000.0;-706538000.0;-475241000.0;260693637.7407214;9632080.920135904;6417888.037543825;-21867891.68536633;-33562440.158535995;162799895.45434958;199033155.5203002;-37012459.285030335;4943384.625712898;459871.7787374514;-185653.3045728095;18725836.387084257;272700636.7612205;-3741467.18723842
2018-12-31;20257.0;96200500.0;-116073000.0;18907500.0;-36929500.0;52125500.0;-18041000.0;229961000.0;213650500.0;-1167077500.0;-542470500.0;328476500.0;-4063500.0;-9563000.0;-17905500.0;849500.0;1013500.0;-17011000.0;13250500.0;134147000.0;-594205000.0;-477511500.0;-246531000.0;40909338.07264994;20421087.460485324;12179822.13634398;-22926286.460083663;-32113352.15657386;158786350.7674824;-22363003.412967324;-2350552.420392446;7065585.404119391;-21888727.888179656;35296109.62326482;-18760496.078720335;278590860.87236387;-2743626.979551469
2019-03-31;20257.0;-410538000.0;-334298000.0;37794000.0;-35444000.0;45991000.0;-19091000.0;-89336000.0;159582000.0;-1099208000.0;-406349000.0;339364000.0;-3386000.0;-19126000.0;-35811000.0;-59000.0;2027000.0;-34022000.0;26501000.0;268294000.0;-1220076000.0;-248485000.0;-17821000.0;-178874961.59542155;31210094.000834744;17941756.23514414;-23984681.234800994;-30664264.154611737;154772806.08061525;-243759162.34623486;32311354.44424545;9187786.182525884;-44237327.55509676;70777872.55110244;-56246828.54452493;284481084.9835073;-1745786.771864518
2019-06-30;20257.0;1070618000.0;218547000.0;-44231000.0;90719000.0;42811000.0;44367000.0;1064415000.0;307424000.0;2176890000.0;-1546851000.0;874075000.0;-6584000.0;0.0;0.0;118000.0;0.0;0.0;0.0;-268294000.0;1163731000.0;-154977000.0;-436419000.0;949910956.1736032;29108108.13661697;-7559362.203991865;39980666.96902044;92406277.47551149;133810410.27965665;374493884.3321829;-104546949.40168121;-9067702.95868271;459871.7787374514;-185653.3045728095;-69531155.32450579;317360301.64056456;-4474227.397827031
2019-09-30;20257.0;-192919000.0;-13197000.0;9458000.0;221592000.0;40028000.0;213778000.0;-251719000.0;357840000.0;-1113114000.0;-1412201000.0;-361930000.0;-10374000.0;0.0;0.0;-59000.0;0.0;0.0;0.0;0.0;-16912000.0;-678592000.0;-118830000.0;-277805178.9751695;31210094.000834744;5918775.586193711;210746111.90200907;220071369.41815013;104430534.38897267;-132574058.59237474;41083065.65994944;8383723.56091232;459871.7787374514;-185653.3045728095;-133238258.16603374;431027328.40683204;-5404660.309980048
2019-12-31;20257.0;-47812500.0;92458500.0;2799000.0;-45887500.0;43056000.0;-32199000.0;449548000.0;361013500.0;-937528000.0;-693957500.0;-537495000.0;-6910000.0;820379500.0;30846500.0;16581000.0;174848000.0;-2018500.0;157361000.0;864263500.0;-566516000.0;-542470500.0;50852000.0;-146095904.40739202;-166400328.488339;6860161.815593949;-37197480.00336747;-40851777.14585475;480178327.1010021;401687443.97248316;39155319.98353155;18566299.89555064;170691021.30826592;160426313.91155222;589747531.8927144;369364508.7411624;-5463227.607003167
2020-03-31;20257.0;97294000.0;198114000.0;-3860000.0;-313367000.0;46084000.0;-278176000.0;1150815000.0;364187000.0;-761942000.0;24286000.0;-713060000.0;-3446000.0;1640759000.0;61693000.0;33221000.0;349696000.0;-4037000.0;314722000.0;1728527000.0;-1116120000.0;-406349000.0;220534000.0;-14386629.839614391;-364010750.9775128;7801548.044994185;-285141071.90874404;-301774923.7098596;855926119.8130314;935948946.537341;37227574.30711366;28748876.23018896;340922170.83779436;321038281.12767726;1312733321.9514625;307701689.07549286;-5521794.904026287
2020-06-30;20257.0;613153000.0;1124142000.0;722000.0;164549000.0;45519000.0;144854000.0;804329000.0;437848000.0;1411780000.0;776713000.0;559341000.0;-7491000.0;0.0;0.0;-66442000.0;0.0;0.0;0.0;-1728527000.0;1060770000.0;-1546851000.0;1094609000.0;691838074.1653664;819549798.093312;-4424941.089413011;141271062.89951628;164426585.2404822;117236202.94117433;296604796.0189663;-224875579.82166424;-31216475.67589645;459871.7787374514;-185653.3045728095;-1257309286.3034425;478144190.9005144;-6881216.887962006
2020-09-30;20257.0;-483009000.0;-1049077000.0;-1033000.0;-409518000.0;54331000.0;-403262000.0;65403000.0;631914000.0;-366835000.0;1437529000.0;-628784000.0;-12102000.0;0.0;0.0;33221000.0;0.0;0.0;0.0;0.0;-52344000.0;-1412201000.0;732679000.0;-165387384.18342984;-364010750.9775128;2861499.3057022886;-411227137.42330813;-395569107.8072414;246109364.04344356;168375211.81368577;233402417.8424884;-1120053.8584407605;459871.7787374514;-185653.3045728095;735968625.0802531;547733251.9865671;-10462726.59777411
2020-12-31;20257.0;-611431500.0;-1041378000.0;11894500.0;-89454000.0;51191500.0;-122074500.0;4905000.0;593883000.0;-493730500.0;706708000.0;-296145500.0;-8394500.0;-604134500.0;406734500.0;25229000.0;-77429000.0;7213000.0;-146631500.0;601422500.0;-433315000.0;-693957500.0;376149000.0;-503651951.3427842;-269100745.1762221;12248330.606139364;-127791536.74156523;-83350392.04823312;-58227147.33793911;21768098.684126675;203131169.91674274;14559741.835109802;-100506784.26097228;-125947136.6076068;647030022.2602655;432330758.4932314;-9760860.24419407
2021-03-31;20257.0;-739854000.0;-1033679000.0;24822000.0;230610000.0;48052000.0;159113000.0;-55593000.0;555852000.0;-620626000.0;-24113000.0;36493000.0;-4687000.0;-1208269000.0;813469000.0;17237000.0;-154858000.0;14426000.0;-293263000.0;1202845000.0;-814286000.0;24286000.0;19619000.0;-841916518.5021385;-174190739.37493142;21635161.90657644;155644063.94017765;228868323.71077517;-362563658.7193218;-124839014.44543241;172859921.99099708;30239537.52866036;-201473440.30068204;-251708619.9106408;558091419.4402779;316928264.9998959;-9058993.89061403
2021-06-30;20257.0;-365958000.0;465750000.0;-19792000.0;256260000.0;44242000.0;470795000.0;-10304000.0;697895000.0;1042021000.0;-32878000.0;-789219000.0;-10495000.0;0.0;0.0;-34474000.0;0.0;0.0;0.0;-1202845000.0;597494000.0;776713000.0;578960000.0;-321009400.88688666;439909774.8881493;-2910151.8213266414;469817968.86727077;253889600.89039725;96647863.11698967;167491241.1416365;195811.2915585339;-33566037.083917156;459871.7787374514;-185653.3045728095;-745757176.3862625;497787578.72823787;-11680413.32374936
2021-09-30;20257.0;268107000.0;550636000.0;2408000.0;-107546000.0;54965000.0;-306001000.0;148889000.0;536889000.0;-805843000.0;-65831000.0;-60606000.0;-16513000.0;0.0;0.0;17237000.0;0.0;0.0;0.0;0.0;230659000.0;1437529000.0;-49824000.0;140417973.05759975;-174190739.37493142;4659980.497516581;-313188533.43875337;-100998927.98327106;178319217.24111134;45479610.100126304;-77210828.07935181;15231642.765010377;459871.7787374514;-185653.3045728095;319028123.67595124;574251034.2851346;-8709029.607188974
2021-12-31;20257.0;537260500.0;393807000.0;431500.0;-15140500.0;54164000.0;-129115500.0;369716500.0;548406000.0;-804717000.0;-56387000.0;766256000.0;-11684500.0;-112489000.0;-255603500.0;14955000.0;287743500.0;1868500.0;254153500.0;21896500.0;-79654000.0;706708000.0;-31577500.0;588282013.0784361;-147090560.0407791;-3382694.9411462485;-134888829.7023126;-10858435.647147527;114286611.0744397;-65566026.238838196;-123742518.47754592;11512702.754951717;253119627.0511614;285090742.00586474;-55666003.40338296;468259489.018833;-8921577.128794542
2022-03-31;20257.0;806414000.0;236978000.0;-1545000.0;77265000.0;53363000.0;47770000.0;590544000.0;559923000.0;-803591000.0;-46943000.0;1593118000.0;-6856000.0;-224978000.0;-511207000.0;12673000.0;575487000.0;3737000.0;508307000.0;43793000.0;-389967000.0;-24113000.0;-13331000.0;1036146053.0992727;-119990380.7066268;-11425370.37980908;43410874.03412814;79282056.68897599;50254004.90776804;-176611662.57780272;-170274208.87574002;7793762.744893055;505779382.3235854;570367137.3163023;-430360130.48271716;362267943.7525313;-9134124.650400108
2022-06-30;20257.0;626128000.0;-95486000.0;633000.0;-348646000.0;35654000.0;-108035000.0;957125000.0;564022000.0;2203217000.0;-102859000.0;-184608000.0;-13946000.0;0.0;0.0;-25346000.0;0.0;0.0;0.0;-43793000.0;652054000.0;-32878000.0;-802550000.0;330385672.6535053;331509057.5515401;-7667215.852073208;-113639790.60857095;-336189178.5878279;232444117.54326618;636432585.0551293;39044434.60084316;-25847625.586565115;459871.7787374514;-185653.3045728095;-307276631.9762285;447905941.73396236;-9209772.153314168
2022-09-30;20257.0;-332635000.0;-668395000.0;27191000.0;-150307000.0;40660000.0;-309817000.0;156563000.0;302454000.0;-1440440000.0;-165082000.0;-652093000.0;-19727000.0;0.0;0.0;12673000.0;0.0;0.0;0.0;0.0;-153789000.0;-65831000.0;-863156000.0;-333212845.0127506;-119990380.7066268;7259729.861723553;-317035042.4485832;-142711786.98825428;187918698.21091825;237979714.90808713;173313048.00763696;15312474.774666997;459871.7787374514;-185653.3045728095;259741343.40388948;571247583.722913;-4382505.492610425
2022-12-31;20257.0;-378525500.0;-457284500.0;40873000.0;155268000.0;41316500.0;53569500.0;469386000.0;344613000.0;-1794373000.0;-93409000.0;-55685000.0;-12481500.0;477242500.0;349175000.0;65018000.0;-197806500.0;-9963500.0;-160062500.0;835713500.0;-555584500.0;-56387000.0;-66597000.0;-221875593.74038595;-741620042.0765667;22545035.169668116;49256741.173150204;155373077.50153202;302973609.93423134;262689984.05135697;86839922.14182685;30173451.204154834;-156453424.43104407;-197113925.3588821;1535146481.4428415;482816085.67858464;-5160554.547344219
2023-03-31;20257.0;-424416000.0;-246174000.0;54555000.0;460843000.0;41973000.0;416956000.0;782209000.0;386772000.0;-2148306000.0;-21736000.0;540723000.0;-5236000.0;954485000.0;698350000.0;117363000.0;-395613000.0;-19927000.0;-320125000.0;1671427000.0;-957380000.0;-46943000.0;729962000.0;-110538342.4680213;-1363249703.4465067;37830340.47761268;415548524.7948836;453457941.9913183;418028521.6575444;287400253.1946268;366796.27601670864;45034427.63364267;-313366720.6408256;-394042197.4131914;2810551619.4817944;394384587.6342564;-5938603.602078013
2023-06-30;20257.0;402269000.0;808658000.0;-80050000.0;-99849000.0;45375000.0;-88561000.0;64883000.0;220326000.0;4718099000.0;-37759000.0;-168090000.0;-9024000.0;0.0;0.0;-234726000.0;0.0;0.0;0.0;-1671427000.0;1245837000.0;-102859000.0;545354000.0;446855556.2983064;2818027703.0312996;-17969916.433001827;-94010095.52014682;-93490593.8526063;176591306.17671612;22166788.878406033;-109941338.99860752;-48462089.42447477;459871.7787374514;-185653.3045728095;-4051376926.3408465;461901699.034329;-2866824.0777956266
