DT_REFER;CD_CVM;DT_FIM_EXERC_PENULTIMO_BP;DT_FIM_EXERC_PENULTIMO;DT_FIM_EXERC;VL_CONTA_PENULTIMO_1.01;VL_CONTA_PENULTIMO_1.01.01;VL_CONTA_PENULTIMO_1.02.03;VL_CONTA_PENULTIMO_2.01;VL_CONTA_PENULTIMO_2.01.04;VL_CONTA_PENULTIMO_2.02.01;VL_CONTA_PENULTIMO_3.11;VL_CONTA_PENULTIMO_7.04.01;VL_CONTA_1.01;VL_CONTA_1.01.01;VL_CONTA_1.02.03;VL_CONTA_2.01;VL_CONTA_2.01.04;VL_CONTA_2.02.01;VL_CONTA_3.11;VL_CONTA_7.04.01;LUCRO_LIQUIDO_PERIODO;IMOBILIZADO_NO_PERIODO_ANTERIOR;IMOBILIZADO_NO_PERIODO;IMOBILIZADO;DEPRECIACAO_AMORTIZACAO_E_EXAUSTAO_DA_DVA;ATIVO_CIRCULANTE_NO_PERIODO_ANTERIOR;ATIVO_CIRCULANTE_NO_PERIODO;ATIVO_CIRCULANTE;CAIXA_E_EQUIVALENTES_DE_CAIXA_NO_PERIODO_ANTERIOR;CAIXA_E_EQUIVALENTES_DE_CAIXA_NO_PERIODO;CAIXA_E_EQUIVALENTES_DE_CAIXA;EMPRESTIMOS_E_FINANCIAMENTOS_CIRCULANTES_NO_PERIODO_ANTERIOR;EMPRESTIMOS_E_FINANCIAMENTOS_CIRCULANTES_NO_PERIODO;EMPRESTIMOS_E_FINANCIAMENTOS_CIRCULANTES;PASSIVO_CIRCULANTE_NO_PERIODO_ANTERIOR;PASSIVO_CIRCULANTE_NO_PERIODO;PASSIVO_CIRCULANTE;EMPRESTIMOS_E_FINANCIAMENTOS_NAO_CIRCULANTES_NO_PERIODO_ANTERIOR;EMPRESTIMOS_E_FINANCIAMENTOS_NAO_CIRCULANTES_NO_PERIODO;EMPRESTIMOS_E_FINANCIAMENTOS_NAO_CIRCULANTES;FCFE
2012-03-31;2437;2011-12-31;2011-03-31;2012-03-31;36662672000.0;7994425000.0;53214861000.0;26124809000.0;4887560000.0;40463306000.0;1288848000.0;-425125000.0;36657299000.0;8232203000.0;54387027000.0;26434096000.0;5466635000.0;40435584000.0;1272468000.0;-443522000.0;1272468000.0;53214861000.0;54387027000.0;-1172166000.0;-443522000.0;36662672000.0;36657299000.0;5373000.0;7994425000.0;8232203000.0;-237778000.0;26124809000.0;26434096000.0;-309287000.0;4887560000.0;5466635000.0;-579075000.0;40463306000.0;40435584000.0;27722000.0;604099000.0
2012-03-31;2453;2011-12-31;2011-03-31;2012-03-31;8531649000.0;2862490000.0;8661791000.0;12169346000.0;7821060000.0;7958009000.0;526151000.0;-232797000.0;8462174000.0;2234744000.0;8692198000.0;9399513000.0;4788680000.0;10632508000.0;631388000.0;-237551000.0;631388000.0;8661791000.0;8692198000.0;-30407000.0;-237551000.0;8531649000.0;8462174000.0;69475000.0;2862490000.0;2234744000.0;627746000.0;12169346000.0;9399513000.0;2769833000.0;7821060000.0;4788680000.0;3032380000.0;7958009000.0;10632508000.0;-2674499000.0;10086973000.0
2012-03-31;18660;2011-12-31;2011-03-31;2012-03-31;5363055000.0;2699837000.0;8292076000.0;4499437000.0;1653053000.0;11954734000.0;465875000.0;-151723000.0;5529380000.0;2707338000.0;8497946000.0;4703766000.0;1940757000.0;11921391000.0;423198000.0;-179693000.0;423198000.0;8292076000.0;8497946000.0;-205870000.0;-179693000.0;5363055000.0;5529380000.0;-166325000.0;2699837000.0;2707338000.0;-7501000.0;4499437000.0;4703766000.0;-204329000.0;1653053000.0;1940757000.0;-287704000.0;11954734000.0;11921391000.0;33343000.0;75322000.0
2012-03-31;20257;2011-12-31;2011-03-31;2012-03-31;1556749000.0;495406000.0;13940000.0;1647891000.0;1307947000.0;2015405000.0;72834000.0;-373000.0;1754579000.0;691090000.0;14292000.0;1703948000.0;1378329000.0;1989889000.0;95822000.0;-406000.0;95822000.0;13940000.0;14292000.0;-352000.0;-406000.0;1556749000.0;1754579000.0;-197830000.0;495406000.0;691090000.0;-195684000.0;1647891000.0;1703948000.0;-56057000.0;1307947000.0;1378329000.0;-70382000.0;2015405000.0;1989889000.0;25516000.0;-249725000.0
2012-03-31;21237;2011-12-31;2011-03-31;2012-03-31;1708592000.0;1442415000.0;5393809000.0;1632130000.0;1061150000.0;4776218000.0;-52593000.0;-1964000.0;1711946000.0;1308186000.0;5988480000.0;2274991000.0;1681223000.0;4807610000.0;-77760000.0;-2920000.0;-77760000.0;5393809000.0;5988480000.0;-594671000.0;-2920000.0;1708592000.0;1711946000.0;-3354000.0;1442415000.0;1308186000.0;134229000.0;1632130000.0;2274991000.0;-642861000.0;1061150000.0;1681223000.0;-620073000.0;4776218000.0;4807610000.0;-31392000.0;-445739000.0
2012-06-30;2437;2011-12-31;2011-06-30;2012-06-30;36662672000.0;7994425000.0;53214861000.0;26124809000.0;4887560000.0;40463306000.0;347086000.0;-832859000.0;35242565000.0;8883775000.0;55701063000.0;29854369000.0;6499099000.0;42518304000.0;1354956000.0;-880555000.0;1354956000.0;53214861000.0;55701063000.0;-2486202000.0;-880555000.0;36662672000.0;35242565000.0;1420107000.0;7994425000.0;8883775000.0;-889350000.0;26124809000.0;29854369000.0;-3729560000.0;4887560000.0;6499099000.0;-1611539000.0;40463306000.0;42518304000.0;-2054998000.0;-3524305000.0
2012-06-30;2453;2011-12-31;2011-06-30;2012-06-30;8531649000.0;2862490000.0;8661791000.0;12169346000.0;7821060000.0;7958009000.0;523057000.0;-476130000.0;8565893000.0;2335270000.0;8703735000.0;13003998000.0;9069865000.0;6972648000.0;604232000.0;-482715000.0;604232000.0;8661791000.0;8703735000.0;-41944000.0;-482715000.0;8531649000.0;8565893000.0;-34244000.0;2862490000.0;2335270000.0;527220000.0;12169346000.0;13003998000.0;-834652000.0;7821060000.0;9069865000.0;-1248805000.0;7958009000.0;6972648000.0;985361000.0;-1816673000.0
2012-06-30;18660;2011-12-31;2011-06-30;2012-06-30;5363055000.0;2699837000.0;8292076000.0;4499437000.0;1653053000.0;11954734000.0;294083000.0;-312448000.0;4879642000.0;2014281000.0;9290004000.0;4842313000.0;2011149000.0;13598070000.0;233628000.0;-393007000.0;233628000.0;8292076000.0;9290004000.0;-997928000.0;-393007000.0;5363055000.0;4879642000.0;483413000.0;2699837000.0;2014281000.0;685556000.0;4499437000.0;4842313000.0;-342876000.0;1653053000.0;2011149000.0;-358096000.0;11954734000.0;13598070000.0;-1643336000.0;2668612000.0
2012-06-30;20257;2011-12-31;2011-06-30;2012-06-30;1556749000.0;495406000.0;13940000.0;1647891000.0;1307947000.0;2015405000.0;72746000.0;-746000.0;2578940000.0;1529686000.0;14825000.0;2627695000.0;2310695000.0;1993490000.0;73946000.0;-801000.0;73946000.0;13940000.0;14825000.0;-885000.0;-801000.0;1556749000.0;2578940000.0;-1022191000.0;495406000.0;1529686000.0;-1034280000.0;1647891000.0;2627695000.0;-979804000.0;1307947000.0;2310695000.0;-1002748000.0;2015405000.0;1993490000.0;21915000.0;-2976806000.0
2012-06-30;21237;2011-12-31;2011-06-30;2012-06-30;1708592000.0;1442415000.0;5393809000.0;1632130000.0;1061150000.0;4776218000.0;-78258000.0;-4154000.0;1491115000.0;1012720000.0;6241090000.0;2444505000.0;1710260000.0;3419411000.0;-133730000.0;-5375000.0;-133730000.0;5393809000.0;6241090000.0;-847281000.0;-5375000.0;1708592000.0;1491115000.0;217477000.0;1442415000.0;1012720000.0;429695000.0;1632130000.0;2444505000.0;-812375000.0;1061150000.0;1710260000.0;-649110000.0;4776218000.0;3419411000.0;1356807000.0;-1468203000.0
2012-09-30;2437;2011-12-31;2011-09-30;2012-09-30;36662672000.0;7994425000.0;53214861000.0;26124809000.0;4887560000.0;40463306000.0;1558442000.0;-1244473000.0;34889942000.0;9029039000.0;58134848000.0;31468813000.0;7043038000.0;43368145000.0;1004773000.0;-1324825000.0;1004773000.0;53214861000.0;58134848000.0;-4919987000.0;-1324825000.0;36662672000.0;34889942000.0;1772730000.0;7994425000.0;9029039000.0;-1034614000.0;26124809000.0;31468813000.0;-5344004000.0;4887560000.0;7043038000.0;-2155478000.0;40463306000.0;43368145000.0;-2904839000.0;-3836666000.0
2012-09-30;2453;2011-12-31;2011-09-30;2012-09-30;8531649000.0;2862490000.0;8661791000.0;12169346000.0;7821060000.0;7958009000.0;657247000.0;-724779000.0;9970105000.0;2538780000.0;8752301000.0;11021911000.0;6928670000.0;9684275000.0;937131000.0;-711952000.0;937131000.0;8661791000.0;8752301000.0;-90510000.0;-711952000.0;8531649000.0;9970105000.0;-1438456000.0;2862490000.0;2538780000.0;323710000.0;12169346000.0;11021911000.0;1147435000.0;7821060000.0;6928670000.0;892390000.0;7958009000.0;9684275000.0;-1726266000.0;6167656000.0
2012-09-30;18660;2011-12-31;2011-09-30;2012-09-30;5363055000.0;2699837000.0;8292076000.0;4499437000.0;1653053000.0;11954734000.0;379064000.0;-474917000.0;5574492000.0;2664101000.0;9439624000.0;5105724000.0;2291758000.0;14789583000.0;321479000.0;-617836000.0;321479000.0;8292076000.0;9439624000.0;-1147548000.0;-617836000.0;5363055000.0;5574492000.0;-211437000.0;2699837000.0;2664101000.0;35736000.0;4499437000.0;5105724000.0;-606287000.0;1653053000.0;2291758000.0;-638705000.0;11954734000.0;14789583000.0;-2834849000.0;2723957000.0
2012-09-30;20257;2011-12-31;2011-09-30;2012-09-30;1556749000.0;495406000.0;13940000.0;1647891000.0;1307947000.0;2015405000.0;276921000.0;-1117000.0;4023306000.0;813234000.0;16394000.0;2946985000.0;2596982000.0;2204503000.0;299542000.0;-1307000.0;299542000.0;13940000.0;16394000.0;-2454000.0;-1307000.0;1556749000.0;4023306000.0;-2466557000.0;495406000.0;813234000.0;-317828000.0;1647891000.0;2946985000.0;-1299094000.0;1307947000.0;2596982000.0;-1289035000.0;2015405000.0;2204503000.0;-189098000.0;-267441000.0
2012-09-30;21237;2011-12-31;2011-09-30;2012-09-30;1708592000.0;1442415000.0;5393809000.0;1632130000.0;1061150000.0;4776218000.0;36621000.0;-6702000.0;1350828000.0;984785000.0;6875328000.0;2670651000.0;2201307000.0;3514635000.0;-86788000.0;-7764000.0;-86788000.0;5393809000.0;6875328000.0;-1481519000.0;-7764000.0;1708592000.0;1350828000.0;357764000.0;1442415000.0;984785000.0;457630000.0;1632130000.0;2670651000.0;-1038521000.0;1061150000.0;2201307000.0;-1140157000.0;4776218000.0;3514635000.0;1261583000.0;-1495798000.0
2013-03-31;2437;2012-12-31;2012-03-31;2013-03-31;41869836000.0;6010838000.0;29494833000.0;25334472000.0;1501513000.0;27220990000.0;1272469000.0;-419224000.0;40305296000.0;7161214000.0;29538499000.0;23929666000.0;1363083000.0;27013128000.0;-33886000.0;-344063000.0;-33886000.0;29494833000.0;29538499000.0;-43666000.0;-344063000.0;41869836000.0;40305296000.0;1564540000.0;6010838000.0;7161214000.0;-1150376000.0;25334472000.0;23929666000.0;1404806000.0;1501513000.0;1363083000.0;138430000.0;27220990000.0;27013128000.0;207862000.0;-2864201000.0
2013-03-31;2453;2012-12-31;2012-03-31;2013-03-31;8803752000.0;1919125000.0;6108729000.0;12798306000.0;6466069000.0;3949724000.0;631388000.0;-197380000.0;6991070000.0;2041352000.0;6036345000.0;10568898000.0;6327874000.0;3501036000.0;865347000.0;-202985000.0;865347000.0;6108729000.0;6036345000.0;72384000.0;-202985000.0;8803752000.0;6991070000.0;1812682000.0;1919125000.0;2041352000.0;-122227000.0;12798306000.0;10568898000.0;2229408000.0;6466069000.0;6327874000.0;138195000.0;3949724000.0;3501036000.0;448688000.0;451757000.0
2013-03-31;18660;2012-12-31;2012-03-31;2013-03-31;5544938000.0;2435034000.0;7104060000.0;4969447000.0;1962301000.0;13510730000.0;412608000.0;-149019000.0;6492544000.0;2772012000.0;7337041000.0;4973542000.0;1929920000.0;14202938000.0;405302000.0;-186973000.0;405302000.0;7104060000.0;7337041000.0;-232981000.0;-186973000.0;5544938000.0;6492544000.0;-947606000.0;2435034000.0;2772012000.0;-336978000.0;4969447000.0;4973542000.0;-4095000.0;1962301000.0;1929920000.0;32381000.0;13510730000.0;14202938000.0;-692208000.0;1445454000.0
2013-03-31;20257;2012-12-31;2012-03-31;2013-03-31;3762674000.0;538696000.0;17458000.0;642962000.0;421715000.0;4316320000.0;95822000.0;-368000.0;3724741000.0;490462000.0;17132000.0;627058000.0;409663000.0;4123294000.0;171146000.0;-439000.0;171146000.0;17458000.0;17132000.0;326000.0;-439000.0;3762674000.0;3724741000.0;37933000.0;538696000.0;490462000.0;48234000.0;642962000.0;627058000.0;15904000.0;421715000.0;409663000.0;12052000.0;4316320000.0;4123294000.0;193026000.0;63846000.0
2013-03-31;21237;2012-12-31;2012-03-31;2013-03-31;765908000.0;519277000.0;5570399000.0;2109465000.0;1820085000.0;3109760000.0;-77760000.0;-2687000.0;817973000.0;359121000.0;5933978000.0;2829447000.0;2342132000.0;3122924000.0;-257061000.0;-17895000.0;-257061000.0;5570399000.0;5933978000.0;-363579000.0;-17895000.0;765908000.0;817973000.0;-52065000.0;519277000.0;359121000.0;160156000.0;2109465000.0;2829447000.0;-719982000.0;1820085000.0;2342132000.0;-522047000.0;3109760000.0;3122924000.0;-13164000.0;-767865000.0
2013-06-30;2437;2012-12-31;2012-06-30;2013-06-30;41869836000.0;6010838000.0;29494833000.0;25334472000.0;1500208000.0;27152975000.0;1354955000.0;-834378000.0;37249542000.0;4679040000.0;29851057000.0;23002497000.0;1362362000.0;30221581000.0;168752000.0;-710815000.0;168752000.0;29494833000.0;29851057000.0;-356224000.0;-710815000.0;41869836000.0;37249542000.0;4620294000.0;6010838000.0;4679040000.0;1331798000.0;25334472000.0;23002497000.0;2331975000.0;1500208000.0;1362362000.0;137846000.0;27152975000.0;30221581000.0;-3068606000.0;3395890000.0
2013-06-30;2453;2012-12-31;2012-06-30;2013-06-30;8803752000.0;1919125000.0;6108729000.0;12798306000.0;6466069000.0;3949724000.0;604232000.0;-371315000.0;7490510000.0;1630058000.0;5950404000.0;6230970000.0;2421998000.0;7041185000.0;617238000.0;-387125000.0;617238000.0;6108729000.0;5950404000.0;158325000.0;-387125000.0;8803752000.0;7490510000.0;1313242000.0;1919125000.0;1630058000.0;289067000.0;12798306000.0;6230970000.0;6567336000.0;6466069000.0;2421998000.0;4044071000.0;3949724000.0;7041185000.0;-3091461000.0;13039548000.0
2013-06-30;18660;2012-12-31;2012-06-30;2013-06-30;5544938000.0;2435034000.0;7104060000.0;4969447000.0;1962301000.0;13510730000.0;245863000.0;-311585000.0;8330962000.0;5419584000.0;7553954000.0;6080252000.0;3016163000.0;15684811000.0;-134068000.0;-377504000.0;-134068000.0;7104060000.0;7553954000.0;-449894000.0;-377504000.0;5544938000.0;8330962000.0;-2786024000.0;2435034000.0;5419584000.0;-2984550000.0;4969447000.0;6080252000.0;-1110805000.0;1962301000.0;3016163000.0;-1053862000.0;13510730000.0;15684811000.0;-2174081000.0;-3235340000.0
2013-06-30;20257;2012-12-31;2012-06-30;2013-06-30;3762674000.0;538696000.0;17458000.0;642962000.0;421715000.0;4316320000.0;73946000.0;-737000.0;1903437000.0;131378000.0;17986000.0;907897000.0;796212000.0;3791188000.0;102403000.0;-855000.0;102403000.0;17458000.0;17986000.0;-528000.0;-855000.0;3762674000.0;1903437000.0;1859237000.0;538696000.0;131378000.0;407318000.0;642962000.0;907897000.0;-264935000.0;421715000.0;796212000.0;-374497000.0;4316320000.0;3791188000.0;525132000.0;-2107089000.0
2013-06-30;21237;2012-12-31;2012-06-30;2013-06-30;765908000.0;519277000.0;5570399000.0;2109465000.0;1820085000.0;3109760000.0;-133724000.0;-4692000.0;726210000.0;140715000.0;6525176000.0;3666307000.0;2651125000.0;3087188000.0;-233488000.0;-44519000.0;-233488000.0;5570399000.0;6525176000.0;-954777000.0;-44519000.0;765908000.0;726210000.0;39698000.0;519277000.0;140715000.0;378562000.0;2109465000.0;3666307000.0;-1556842000.0;1820085000.0;2651125000.0;-831040000.0;3109760000.0;3087188000.0;22572000.0;-1016258000.0
2013-09-30;2437;2012-12-31;2012-09-30;2013-09-30;41869836000.0;6010838000.0;29494833000.0;25334472000.0;1500208000.0;27152975000.0;1004775000.0;-1249610000.0;37611310000.0;4325848000.0;30037605000.0;22887300000.0;1693404000.0;30665509000.0;-917971000.0;-1083356000.0;-917971000.0;29494833000.0;30037605000.0;-542772000.0;-1083356000.0;41869836000.0;37611310000.0;4258526000.0;6010838000.0;4325848000.0;1684990000.0;25334472000.0;22887300000.0;2447172000.0;1500208000.0;1693404000.0;-193196000.0;27152975000.0;30665509000.0;-3512534000.0;3419409000.0
2013-09-30;2453;2012-12-31;2012-09-30;2013-09-30;8803752000.0;1919125000.0;6108729000.0;12798306000.0;6466069000.0;3949724000.0;937131000.0;-560171000.0;7701510000.0;2111144000.0;5880838000.0;6061965000.0;2485579000.0;7052810000.0;788841000.0;-573714000.0;788841000.0;6108729000.0;5880838000.0;227891000.0;-573714000.0;8803752000.0;7701510000.0;1102242000.0;1919125000.0;2111144000.0;-192019000.0;12798306000.0;6061965000.0;6736341000.0;6466069000.0;2485579000.0;3980490000.0;3949724000.0;7052810000.0;-3103086000.0;12320873000.0
2013-09-30;18660;2012-12-31;2012-09-30;2013-09-30;5544938000.0;2435034000.0;7104061000.0;4969447000.0;1962301000.0;13510730000.0;356458000.0;-503482000.0;8503599000.0;5405508000.0;7646624000.0;5746552000.0;2581817000.0;15689694000.0;354945000.0;-567526000.0;354945000.0;7104061000.0;7646624000.0;-542563000.0;-567526000.0;5544938000.0;8503599000.0;-2958661000.0;2435034000.0;5405508000.0;-2970474000.0;4969447000.0;5746552000.0;-777105000.0;1962301000.0;2581817000.0;-619516000.0;13510730000.0;15689694000.0;-2178964000.0;-1869962000.0
2013-09-30;20257;2012-12-31;2012-09-30;2013-09-30;3762674000.0;538696000.0;17458000.0;642962000.0;421715000.0;4316320000.0;299542000.0;-1212000.0;1973895000.0;152056000.0;22189000.0;976551000.0;824609000.0;3589611000.0;477947000.0;-1369000.0;477947000.0;17458000.0;22189000.0;-4731000.0;-1369000.0;3762674000.0;1973895000.0;1788779000.0;538696000.0;152056000.0;386640000.0;642962000.0;976551000.0;-333589000.0;421715000.0;824609000.0;-402894000.0;4316320000.0;3589611000.0;726709000.0;-1997382000.0
2013-09-30;21237;2012-12-31;2012-09-30;2013-09-30;765908000.0;519277000.0;5570399000.0;2109465000.0;1820085000.0;3109760000.0;-86788000.0;-6695000.0;786624000.0;356552000.0;6483301000.0;3170392000.0;2527908000.0;3028568000.0;-172705000.0;-89871000.0;-172705000.0;5570399000.0;6483301000.0;-912902000.0;-89871000.0;765908000.0;786624000.0;-20716000.0;519277000.0;356552000.0;162725000.0;2109465000.0;3170392000.0;-1060927000.0;1820085000.0;2527908000.0;-707823000.0;3109760000.0;3028568000.0;81192000.0;-853450000.0
2014-03-31;2437;2013-12-31;2013-03-31;2014-03-31;39079833000.0;4477384000.0;30038514000.0;25734736000.0;2164165000.0;32604028000.0;-33886000.0;-344063000.0;29327169000.0;5152288000.0;29924842000.0;19701854000.0;2688256000.0;32420770000.0;992953000.0;-380915000.0;992953000.0;30038514000.0;29924842000.0;113672000.0;-380915000.0;39079833000.0;29327169000.0;9752664000.0;4477384000.0;5152288000.0;-674904000.0;25734736000.0;19701854000.0;6032882000.0;2164165000.0;2688256000.0;-524091000.0;32604028000.0;32420770000.0;183258000.0;-5278573000.0
2014-03-31;2453;2013-12-31;2013-03-31;2014-03-31;6668783000.0;2201827000.0;5817455000.0;5921641000.0;2237766000.0;7219598000.0;865347000.0;-202985000.0;6792025000.0;1110535000.0;5766016000.0;6739072000.0;2325485000.0;7109164000.0;1250089000.0;-182033000.0;1250089000.0;5817455000.0;5766016000.0;51439000.0;-182033000.0;6668783000.0;6792025000.0;-123242000.0;2201827000.0;1110535000.0;1091292000.0;5921641000.0;6739072000.0;-817431000.0;2237766000.0;2325485000.0;-87719000.0;7219598000.0;7109164000.0;110434000.0;2306859000.0
2014-03-31;18660;2013-12-31;2013-03-31;2014-03-31;7264323000.0;4206422000.0;7717419000.0;4905531000.0;1837462000.0;15183936000.0;405302000.0;-186973000.0;8640259000.0;4242756000.0;7743348000.0;5456224000.0;1683433000.0;16013130000.0;174402000.0;-206955000.0;174402000.0;7717419000.0;7743348000.0;-25929000.0;-206955000.0;7264323000.0;8640259000.0;-1375936000.0;4206422000.0;4242756000.0;-36334000.0;4905531000.0;5456224000.0;-550693000.0;1837462000.0;1683433000.0;154029000.0;15183936000.0;16013130000.0;-829194000.0;1729174000.0
2014-03-31;20257;2013-12-31;2013-03-31;2014-03-31;1788028000.0;121140000.0;22861000.0;1097570000.0;942160000.0;3425203000.0;171146000.0;-439000.0;2107394000.0;212137000.0;23319000.0;1213914000.0;1029046000.0;3487784000.0;111506000.0;-386000.0;111506000.0;22861000.0;23319000.0;-458000.0;-386000.0;1788028000.0;2107394000.0;-319366000.0;121140000.0;212137000.0;-90997000.0;1097570000.0;1213914000.0;-116344000.0;942160000.0;1029046000.0;-86886000.0;3425203000.0;3487784000.0;-62581000.0;108301000.0
2014-03-31;21237;2013-12-31;2013-03-31;2014-03-31;747842000.0;277582000.0;6819454000.0;2978859000.0;2408254000.0;3807617000.0;-257061000.0;-17895000.0;639159000.0;96802000.0;6836644000.0;3052427000.0;2478265000.0;3626122000.0;-70566000.0;-48711000.0;-70566000.0;6819454000.0;6836644000.0;-17190000.0;-48711000.0;747842000.0;639159000.0;108683000.0;277582000.0;96802000.0;180780000.0;2978859000.0;3052427000.0;-73568000.0;2408254000.0;2478265000.0;-70011000.0;3807617000.0;3626122000.0;181495000.0;-174284000.0
2014-06-30;2437;2013-12-31;2013-06-30;2014-06-30;39079833000.0;4477384000.0;30038514000.0;25734736000.0;2164165000.0;32604028000.0;168752000.0;-710815000.0;26848604000.0;3057267000.0;30274168000.0;21800994000.0;3321163000.0;31759662000.0;-99992000.0;-775048000.0;-99992000.0;30038514000.0;30274168000.0;-235654000.0;-775048000.0;39079833000.0;26848604000.0;12231229000.0;4477384000.0;3057267000.0;1420117000.0;25734736000.0;21800994000.0;3933742000.0;2164165000.0;3321163000.0;-1156998000.0;32604028000.0;31759662000.0;844366000.0;-8098003000.0
2014-06-30;2453;2013-12-31;2013-06-30;2014-06-30;6668783000.0;2201827000.0;5817455000.0;5921641000.0;2237766000.0;7219598000.0;617238000.0;-387125000.0;7354716000.0;1988777000.0;5697763000.0;8725365000.0;4456947000.0;7096882000.0;740874000.0;-384524000.0;740874000.0;5817455000.0;5697763000.0;119692000.0;-384524000.0;6668783000.0;7354716000.0;-685933000.0;2201827000.0;1988777000.0;213050000.0;5921641000.0;8725365000.0;-2803724000.0;2237766000.0;4456947000.0;-2219181000.0;7219598000.0;7096882000.0;122716000.0;-3796930000.0
2014-06-30;18660;2013-12-31;2013-06-30;2014-06-30;7264323000.0;4206422000.0;7717419000.0;4905531000.0;1837462000.0;15183936000.0;-134068000.0;-377504000.0;8572543000.0;4740672000.0;7731505000.0;6858948000.0;3554516000.0;14967574000.0;145295000.0;-418609000.0;145295000.0;7717419000.0;7731505000.0;-14086000.0;-418609000.0;7264323000.0;8572543000.0;-1308220000.0;4206422000.0;4740672000.0;-534250000.0;4905531000.0;6858948000.0;-1953417000.0;1837462000.0;3554516000.0;-1717054000.0;15183936000.0;14967574000.0;216362000.0;-3906341000.0
2014-06-30;20257;2013-12-31;2013-06-30;2014-06-30;1788028000.0;121140000.0;22861000.0;1097570000.0;942160000.0;3425203000.0;102403000.0;-855000.0;1856289000.0;75352000.0;24119000.0;894663000.0;691797000.0;3566155000.0;80081000.0;-735000.0;80081000.0;22861000.0;24119000.0;-1258000.0;-735000.0;1788028000.0;1856289000.0;-68261000.0;121140000.0;75352000.0;45788000.0;1097570000.0;894663000.0;202907000.0;942160000.0;691797000.0;250363000.0;3425203000.0;3566155000.0;-140952000.0;834663000.0
2014-06-30;21237;2013-12-31;2013-06-30;2014-06-30;747842000.0;277582000.0;6819454000.0;2978859000.0;2408254000.0;3807617000.0;-233488000.0;-44519000.0;743720000.0;87773000.0;5004608000.0;3659090000.0;3143222000.0;1948318000.0;-110444000.0;-96454000.0;-110444000.0;6819454000.0;5004608000.0;1814846000.0;-96454000.0;747842000.0;743720000.0;4122000.0;277582000.0;87773000.0;189809000.0;2978859000.0;3659090000.0;-680231000.0;2408254000.0;3143222000.0;-734968000.0;3807617000.0;1948318000.0;1859299000.0;-4920746000.0
2014-09-30;2437;2013-12-31;2013-09-30;2014-09-30;39079833000.0;4477384000.0;30038514000.0;25734736000.0;2164165000.0;32604028000.0;-917971000.0;-1083356000.0;30486456000.0;3845597000.0;30638166000.0;26648242000.0;3988849000.0;34918048000.0;-2742523000.0;-1168910000.0;-2742523000.0;30038514000.0;30638166000.0;-599652000.0;-1168910000.0;39079833000.0;30486456000.0;8593377000.0;4477384000.0;3845597000.0;631787000.0;25734736000.0;26648242000.0;-913506000.0;2164165000.0;3988849000.0;-1824684000.0;32604028000.0;34918048000.0;-2314020000.0;-11065754000.0
2014-09-30;2453;2013-12-31;2013-09-30;2014-09-30;6668783000.0;2201827000.0;5817455000.0;5921641000.0;2237766000.0;7219598000.0;788841000.0;-573714000.0;6066789000.0;1326744000.0;5640273000.0;7806127000.0;4697841000.0;7107882000.0;29056000.0;-587488000.0;29056000.0;5817455000.0;5640273000.0;177182000.0;-587488000.0;6668783000.0;6066789000.0;601994000.0;2201827000.0;1326744000.0;875083000.0;5921641000.0;7806127000.0;-1884486000.0;2237766000.0;4697841000.0;-2460075000.0;7219598000.0;7107882000.0;111716000.0;-4043719000.0
2014-09-30;18660;2013-12-31;2013-09-30;2014-09-30;7264323000.0;4206422000.0;7717419000.0;4905531000.0;1837462000.0;15183936000.0;354945000.0;-567526000.0;8306084000.0;4000285000.0;7707297000.0;7016565000.0;3245298000.0;14590870000.0;97131000.0;-632159000.0;97131000.0;7717419000.0;7707297000.0;10122000.0;-632159000.0;7264323000.0;8306084000.0;-1041761000.0;4206422000.0;4000285000.0;206137000.0;4905531000.0;7016565000.0;-2111034000.0;1837462000.0;3245298000.0;-1407836000.0;15183936000.0;14590870000.0;593066000.0;-3203051000.0
2014-09-30;20257;2013-12-31;2013-09-30;2014-09-30;1788028000.0;121140000.0;22861000.0;1097570000.0;942160000.0;3425203000.0;477947000.0;-1369000.0;2344385000.0;289311000.0;20447000.0;965222000.0;732661000.0;3393327000.0;497621000.0;-1080000.0;497621000.0;22861000.0;20447000.0;2414000.0;-1080000.0;1788028000.0;2344385000.0;-556357000.0;121140000.0;289311000.0;-168171000.0;1097570000.0;965222000.0;132348000.0;942160000.0;732661000.0;209499000.0;3425203000.0;3393327000.0;31876000.0;1024113000.0
2014-09-30;21237;2013-12-31;2013-09-30;2014-09-30;747842000.0;277582000.0;6819454000.0;2978859000.0;2408254000.0;3807617000.0;-172705000.0;-89871000.0;673151000.0;207337000.0;4971071000.0;3488272000.0;3146436000.0;1903318000.0;29102000.0;-132696000.0;29102000.0;6819454000.0;4971071000.0;1848383000.0;-132696000.0;747842000.0;673151000.0;74691000.0;277582000.0;207337000.0;70245000.0;2978859000.0;3488272000.0;-509413000.0;2408254000.0;3146436000.0;-738182000.0;3807617000.0;1903318000.0;1904299000.0;-5038072000.0
2015-03-31;2437;2014-12-31;2014-03-31;2015-03-31;30551193000.0;3150603000.0;31168232000.0;19284008000.0;5331770000.0;36293939000.0;1040809000.0;-383685000.0;34450167000.0;2879958000.0;31792445000.0;22083808000.0;5869274000.0;39775033000.0;1113611000.0;-463078000.0;1113611000.0;31168232000.0;31792445000.0;-624213000.0;-463078000.0;30551193000.0;34450167000.0;-3898974000.0;3150603000.0;2879958000.0;270645000.0;19284008000.0;22083808000.0;-2799800000.0;5331770000.0;5869274000.0;-537504000.0;36293939000.0;39775033000.0;-3481094000.0;5858800000.0
2015-03-31;2453;2014-12-31;2014-03-31;2015-03-31;6554378000.0;887143000.0;5543620000.0;10123317000.0;5290655000.0;8218083000.0;1250089000.0;-182033000.0;12668574000.0;617572000.0;4834708000.0;9804767000.0;4605114000.0;8450711000.0;1484627000.0;-247121000.0;1484627000.0;5543620000.0;4834708000.0;708912000.0;-247121000.0;6554378000.0;12668574000.0;-6114196000.0;887143000.0;617572000.0;269571000.0;10123317000.0;9804767000.0;318550000.0;5290655000.0;4605114000.0;685541000.0;8218083000.0;8450711000.0;-232628000.0;8418651000.0
2015-03-31;18660;2014-12-31;2014-03-31;2015-03-31;9214704000.0;4357455000.0;8878064000.0;7417104000.0;3526208000.0;15623751000.0;174402000.0;-206955000.0;10032581000.0;4027798000.0;8921549000.0;7008909000.0;2848669000.0;17440437000.0;142310000.0;-229600000.0;142310000.0;8878064000.0;8921549000.0;-43485000.0;-229600000.0;9214704000.0;10032581000.0;-817877000.0;4357455000.0;4027798000.0;329657000.0;7417104000.0;7008909000.0;408195000.0;3526208000.0;2848669000.0;677539000.0;15623751000.0;17440437000.0;-1816686000.0;4335806000.0
2015-03-31;20257;2014-12-31;2014-03-31;2015-03-31;1786946000.0;101853000.0;24175000.0;751767000.0;605806000.0;3239588000.0;111506000.0;-386000.0;2333210000.0;117181000.0;23400000.0;847935000.0;709847000.0;3383930000.0;201933000.0;-405000.0;201933000.0;24175000.0;23400000.0;775000.0;-405000.0;1786946000.0;2333210000.0;-546264000.0;101853000.0;117181000.0;-15328000.0;751767000.0;847935000.0;-96168000.0;605806000.0;709847000.0;-104041000.0;3239588000.0;3383930000.0;-144342000.0;660494000.0
2015-03-31;21237;2014-12-31;2014-03-31;2015-03-31;944708000.0;157319000.0;4423466000.0;3619910000.0;3289195000.0;1874502000.0;-70566000.0;-48711000.0;883090000.0;180941000.0;4401860000.0;3762912000.0;3429254000.0;1846139000.0;-127907000.0;-41989000.0;-127907000.0;4423466000.0;4401860000.0;21606000.0;-41989000.0;944708000.0;883090000.0;61618000.0;157319000.0;180941000.0;-23622000.0;3619910000.0;3762912000.0;-143002000.0;3289195000.0;3429254000.0;-140059000.0;1874502000.0;1846139000.0;28363000.0;-611788000.0
2015-06-30;2437;2014-12-31;2014-06-30;2015-06-30;30551193000.0;3150603000.0;31168232000.0;19284008000.0;5331770000.0;36293939000.0;-104053000.0;-780589000.0;31126437000.0;2152413000.0;32069507000.0;22287629000.0;5996980000.0;39646507000.0;-1404046000.0;-925625000.0;-1404046000.0;31168232000.0;32069507000.0;-901275000.0;-925625000.0;30551193000.0;31126437000.0;-575244000.0;3150603000.0;2152413000.0;998190000.0;19284008000.0;22287629000.0;-3003621000.0;5331770000.0;5996980000.0;-665210000.0;36293939000.0;39646507000.0;-3352568000.0;826965000.0
2015-06-30;2453;2014-12-31;2014-06-30;2015-06-30;6554378000.0;887143000.0;5543620000.0;10123317000.0;5290655000.0;8218083000.0;740874000.0;-384524000.0;13516391000.0;757015000.0;4764227000.0;9411443000.0;4746442000.0;8290532000.0;534264000.0;-428708000.0;534264000.0;5543620000.0;4764227000.0;779393000.0;-428708000.0;6554378000.0;13516391000.0;-6962013000.0;887143000.0;757015000.0;130128000.0;10123317000.0;9411443000.0;711874000.0;5290655000.0;4746442000.0;544213000.0;8218083000.0;8290532000.0;-72449000.0;7876968000.0
2015-06-30;18660;2014-12-31;2014-06-30;2015-06-30;9214704000.0;4357455000.0;8878064000.0;7417104000.0;3526208000.0;15623751000.0;145295000.0;-418609000.0;10173214000.0;3703730000.0;8929185000.0;7298746000.0;2303598000.0;17773408000.0;90240000.0;-470375000.0;90240000.0;8878064000.0;8929185000.0;-51121000.0;-470375000.0;9214704000.0;10173214000.0;-958510000.0;4357455000.0;3703730000.0;653725000.0;7417104000.0;7298746000.0;118358000.0;3526208000.0;2303598000.0;1222610000.0;15623751000.0;17773408000.0;-2149657000.0;5427571000.0
2015-06-30;20257;2014-12-31;2014-06-30;2015-06-30;1786946000.0;101853000.0;24175000.0;751767000.0;605806000.0;3239588000.0;80081000.0;-735000.0;2320501000.0;18645000.0;22743000.0;1225300000.0;1087827000.0;2930829000.0;240521000.0;-794000.0;240521000.0;24175000.0;22743000.0;1432000.0;-794000.0;1786946000.0;2320501000.0;-533555000.0;101853000.0;18645000.0;83208000.0;751767000.0;1225300000.0;-473533000.0;605806000.0;1087827000.0;-482021000.0;3239588000.0;2930829000.0;308759000.0;-326047000.0
2015-06-30;21237;2014-12-31;2014-06-30;2015-06-30;944708000.0;157319000.0;4423466000.0;3619910000.0;3289195000.0;1874502000.0;-110444000.0;-96454000.0;794759000.0;418451000.0;4402909000.0;1343949000.0;1052565000.0;3832199000.0;374802000.0;-85791000.0;374802000.0;4423466000.0;4402909000.0;20557000.0;-85791000.0;944708000.0;794759000.0;149949000.0;157319000.0;418451000.0;-261132000.0;3619910000.0;1343949000.0;2275961000.0;3289195000.0;1052565000.0;2236630000.0;1874502000.0;3832199000.0;-1957697000.0;6066529000.0
2015-09-30;2437;2014-12-31;2014-09-30;2015-09-30;30551193000.0;3150603000.0;31168232000.0;19284008000.0;5331770000.0;36293939000.0;-2763959000.0;-1177221000.0;30441004000.0;2962477000.0;31257402000.0;22549470000.0;5944927000.0;44394051000.0;-4225142000.0;-1349122000.0;-4225142000.0;31168232000.0;31257402000.0;-89170000.0;-1349122000.0;30551193000.0;30441004000.0;110189000.0;3150603000.0;2962477000.0;188126000.0;19284008000.0;22549470000.0;-3265462000.0;5331770000.0;5944927000.0;-613157000.0;36293939000.0;44394051000.0;-8100112000.0;-997538000.0
2015-09-30;2453;2014-12-31;2014-09-30;2015-09-30;6554378000.0;887143000.0;5543620000.0;10123317000.0;5290655000.0;8218083000.0;29056000.0;-587488000.0;8300478000.0;1606057000.0;3949855000.0;9599266000.0;4562010000.0;9290322000.0;166954000.0;-628831000.0;166954000.0;5543620000.0;3949855000.0;1593765000.0;-628831000.0;6554378000.0;8300478000.0;-1746100000.0;887143000.0;1606057000.0;-718914000.0;10123317000.0;9599266000.0;524051000.0;5290655000.0;4562010000.0;728645000.0;8218083000.0;9290322000.0;-1072239000.0;577565000.0
2015-09-30;18660;2014-12-31;2014-09-30;2015-09-30;9214704000.0;4357455000.0;9149486000.0;7417103000.0;3526208000.0;15623751000.0;97131000.0;-632159000.0;11124595000.0;4033374000.0;9107925000.0;8825031000.0;3344012000.0;18385076000.0;280221000.0;-719861000.0;280221000.0;9149486000.0;9107925000.0;41561000.0;-719861000.0;9214704000.0;11124595000.0;-1909891000.0;4357455000.0;4033374000.0;324081000.0;7417103000.0;8825031000.0;-1407928000.0;3526208000.0;3344012000.0;182196000.0;15623751000.0;18385076000.0;-2761325000.0;3612445000.0
2015-09-30;20257;2014-12-31;2014-09-30;2015-09-30;1786946000.0;101853000.0;24175000.0;751767000.0;605806000.0;3239588000.0;497621000.0;-1080000.0;2359720000.0;327928000.0;22205000.0;1184846000.0;1038356000.0;2956047000.0;158993000.0;-1222000.0;158993000.0;24175000.0;22205000.0;1970000.0;-1222000.0;1786946000.0;2359720000.0;-572774000.0;101853000.0;327928000.0;-226075000.0;751767000.0;1184846000.0;-433079000.0;605806000.0;1038356000.0;-432550000.0;3239588000.0;2956047000.0;283541000.0;-872745000.0
2015-09-30;21237;2014-12-31;2014-09-30;2015-09-30;944708000.0;157319000.0;4423466000.0;3619910000.0;3289195000.0;1874502000.0;29102000.0;-132696000.0;727253000.0;254704000.0;4397029000.0;1118946000.0;826307000.0;4131001000.0;-114184000.0;-130154000.0;-114184000.0;4423466000.0;4397029000.0;26437000.0;-130154000.0;944708000.0;727253000.0;217455000.0;157319000.0;254704000.0;-97385000.0;3619910000.0;1118946000.0;2500964000.0;3289195000.0;826307000.0;2462888000.0;1874502000.0;4131001000.0;-2256499000.0;6537351000.0
2016-03-31;2437;2015-12-31;2015-03-31;2016-03-31;29437396000.0;2041406000.0;29546645000.0;28099643000.0;4714646000.0;43498243000.0;1113611000.0;-463078000.0;28637497000.0;3176163000.0;29862632000.0;29179270000.0;4781503000.0;42079744000.0;-3894413000.0;-434758000.0;-3894413000.0;29546645000.0;29862632000.0;-315987000.0;-434758000.0;29437396000.0;28637497000.0;799899000.0;2041406000.0;3176163000.0;-1134757000.0;28099643000.0;29179270000.0;-1079627000.0;4714646000.0;4781503000.0;-66857000.0;43498243000.0;42079744000.0;1418499000.0;-9647580000.0
2016-03-31;2453;2015-12-31;2015-03-31;2016-03-31;9376738000.0;924632000.0;3940323000.0;13074072000.0;6300359000.0;8866178000.0;1484627000.0;-247121000.0;7478878000.0;1192976000.0;3884585000.0;11987956000.0;4910823000.0;10388734000.0;5207000.0;-199033000.0;5207000.0;3940323000.0;3884585000.0;55738000.0;-199033000.0;9376738000.0;7478878000.0;1897860000.0;924632000.0;1192976000.0;-268344000.0;13074072000.0;11987956000.0;1086116000.0;6300359000.0;4910823000.0;1389536000.0;8866178000.0;10388734000.0;-1522556000.0;1314096000.0
2016-03-31;18660;2015-12-31;2015-03-31;2016-03-31;12508652000.0;5682802000.0;9173217000.0;9524873000.0;3640314000.0;18092904000.0;142310000.0;-229600000.0;11313605000.0;4405794000.0;9284969000.0;7354575000.0;2802296000.0;17631274000.0;232447000.0;-246737000.0;232447000.0;9173217000.0;9284969000.0;-111752000.0;-246737000.0;12508652000.0;11313605000.0;1195047000.0;5682802000.0;4405794000.0;1277008000.0;9524873000.0;7354575000.0;2170298000.0;3640314000.0;2802296000.0;838018000.0;18092904000.0;17631274000.0;461630000.0;4003117000.0
2016-03-31;20257;2015-12-31;2015-03-31;2016-03-31;2082212000.0;132441000.0;22805000.0;1008424000.0;864554000.0;2807991000.0;201933000.0;-405000.0;2185895000.0;432163000.0;21723000.0;503670000.0;308610000.0;3200660000.0;253685000.0;-1145000.0;253685000.0;22805000.0;21723000.0;1082000.0;-1145000.0;2082212000.0;2185895000.0;-103683000.0;132441000.0;432163000.0;-299722000.0;1008424000.0;503670000.0;504754000.0;864554000.0;308610000.0;555944000.0;2807991000.0;3200660000.0;-392669000.0;1209064000.0
2016-03-31;21237;2015-12-31;2015-03-31;2016-03-31;921556000.0;247414000.0;5451258000.0;1433620000.0;1010619000.0;3198264000.0;-127907000.0;-41989000.0;872259000.0;266074000.0;5411303000.0;1465571000.0;1068515000.0;3219725000.0;-94741000.0;-48512000.0;-94741000.0;5451258000.0;5411303000.0;39955000.0;-48512000.0;921556000.0;872259000.0;49297000.0;247414000.0;266074000.0;-18660000.0;1433620000.0;1465571000.0;-31951000.0;1010619000.0;1068515000.0;-57896000.0;3198264000.0;3219725000.0;-21461000.0;-338211000.0
2016-06-30;2437;2015-12-31;2015-06-30;2016-06-30;29437396000.0;2041406000.0;29546645000.0;28099643000.0;4714646000.0;43498243000.0;-1404046000.0;-925625000.0;27273549000.0;2716600000.0;27616493000.0;31264357000.0;5186235000.0;41291126000.0;12790645000.0;-885518000.0;12790645000.0;29546645000.0;27616493000.0;1930152000.0;-885518000.0;29437396000.0;27273549000.0;2163847000.0;2041406000.0;2716600000.0;-675194000.0;28099643000.0;31264357000.0;-3164714000.0;4714646000.0;5186235000.0;-471589000.0;43498243000.0;41291126000.0;2207117000.0;617320000.0
2016-06-30;2453;2015-12-31;2015-06-30;2016-06-30;9376738000.0;924632000.0;3940323000.0;13074072000.0;6300359000.0;8866178000.0;534264000.0;-428708000.0;8156182000.0;1500415000.0;3848629000.0;11385202000.0;4618734000.0;10829029000.0;202124000.0;-398717000.0;202124000.0;3940323000.0;3848629000.0;91694000.0;-398717000.0;9376738000.0;8156182000.0;1220556000.0;924632000.0;1500415000.0;-575783000.0;13074072000.0;11385202000.0;1688870000.0;6300359000.0;4618734000.0;1681625000.0;8866178000.0;10829029000.0;-1962851000.0;2672937000.0
2016-06-30;18660;2015-12-31;2015-06-30;2016-06-30;12508652000.0;5682802000.0;9173217000.0;9524873000.0;3640314000.0;18092904000.0;90240000.0;-470375000.0;11302583000.0;5464783000.0;9453342000.0;7342643000.0;3287016000.0;16748008000.0;240135000.0;-497409000.0;240135000.0;9173217000.0;9453342000.0;-280125000.0;-497409000.0;12508652000.0;11302583000.0;1206069000.0;5682802000.0;5464783000.0;218019000.0;9524873000.0;7342643000.0;2182230000.0;3640314000.0;3287016000.0;353298000.0;18092904000.0;16748008000.0;1344896000.0;443452000.0
2016-06-30;20257;2015-12-31;2015-06-30;2016-06-30;2082212000.0;132441000.0;22805000.0;1008424000.0;864554000.0;2807991000.0;240521000.0;-794000.0;1924514000.0;208774000.0;21210000.0;458249000.0;343522000.0;3195155000.0;207207000.0;-1785000.0;207207000.0;22805000.0;21210000.0;1595000.0;-1785000.0;2082212000.0;1924514000.0;157698000.0;132441000.0;208774000.0;-76333000.0;1008424000.0;458249000.0;550175000.0;864554000.0;343522000.0;521032000.0;2807991000.0;3195155000.0;-387164000.0;1351834000.0
2016-06-30;21237;2015-12-31;2015-06-30;2016-06-30;921556000.0;247414000.0;5451258000.0;1433620000.0;1010619000.0;3198264000.0;374802000.0;-85791000.0;853377000.0;332684000.0;5338666000.0;1529872000.0;1129373000.0;3196017000.0;-105592000.0;-100893000.0;-105592000.0;5451258000.0;5338666000.0;112592000.0;-100893000.0;921556000.0;853377000.0;68179000.0;247414000.0;332684000.0;-85270000.0;1433620000.0;1529872000.0;-96252000.0;1010619000.0;1129373000.0;-118754000.0;3198264000.0;3196017000.0;2247000.0;-775049000.0
2016-09-30;2437;2015-12-31;2015-09-30;2016-09-30;29437396000.0;2041406000.0;29546645000.0;28099643000.0;4714646000.0;43498243000.0;-4225142000.0;-1349122000.0;26696588000.0;2640384000.0;27112974000.0;31379606000.0;5781847000.0;40303249000.0;875117000.0;-1328177000.0;875117000.0;29546645000.0;27112974000.0;2433671000.0;-1328177000.0;29437396000.0;26696588000.0;2740808000.0;2041406000.0;2640384000.0;-598978000.0;28099643000.0;31379606000.0;-3279963000.0;4714646000.0;5781847000.0;-1067201000.0;43498243000.0;40303249000.0;3194994000.0;-14367653000.0
2016-09-30;2453;2015-12-31;2015-09-30;2016-09-30;9376738000.0;924632000.0;3940323000.0;13074072000.0;6300359000.0;8866178000.0;166954000.0;-628831000.0;8624362000.0;1693078000.0;3798154000.0;11789063000.0;5932547000.0;10336504000.0;433502000.0;-601197000.0;433502000.0;3940323000.0;3798154000.0;142169000.0;-601197000.0;9376738000.0;8624362000.0;752376000.0;924632000.0;1693078000.0;-768446000.0;13074072000.0;11789063000.0;1285009000.0;6300359000.0;5932547000.0;367812000.0;8866178000.0;10336504000.0;-1470326000.0;524015000.0
2016-09-30;18660;2015-12-31;2015-09-30;2016-09-30;12508652000.0;5682802000.0;9173217000.0;9524873000.0;3640314000.0;18092904000.0;280221000.0;-719861000.0;10364766000.0;5344665000.0;9663465000.0;7157696000.0;3038189000.0;16370726000.0;269272000.0;-752249000.0;269272000.0;9173217000.0;9663465000.0;-490248000.0;-752249000.0;12508652000.0;10364766000.0;2143886000.0;5682802000.0;5344665000.0;338137000.0;9524873000.0;7157696000.0;2367177000.0;3640314000.0;3038189000.0;602125000.0;18092904000.0;16370726000.0;1722178000.0;-213217000.0
2016-09-30;20257;2015-12-31;2015-09-30;2016-09-30;2082212000.0;132441000.0;22805000.0;1008424000.0;864554000.0;2807991000.0;158993000.0;-1222000.0;2177932000.0;227874000.0;21045000.0;552915000.0;412794000.0;3229356000.0;217556000.0;-2491000.0;217556000.0;22805000.0;21045000.0;1760000.0;-2491000.0;2082212000.0;2177932000.0;-95720000.0;132441000.0;227874000.0;-95433000.0;1008424000.0;552915000.0;455509000.0;864554000.0;412794000.0;451760000.0;2807991000.0;3229356000.0;-421365000.0;1446793000.0
2016-09-30;21237;2015-12-31;2015-09-30;2016-09-30;921556000.0;247414000.0;5451258000.0;1433620000.0;1010619000.0;3198264000.0;-114184000.0;-130154000.0;1032644000.0;409689000.0;5296042000.0;1538334000.0;1040870000.0;3298152000.0;-4880000.0;-170804000.0;-4880000.0;5451258000.0;5296042000.0;155216000.0;-170804000.0;921556000.0;1032644000.0;-111088000.0;247414000.0;409689000.0;-162275000.0;1433620000.0;1538334000.0;-104714000.0;1010619000.0;1040870000.0;-30251000.0;3198264000.0;3298152000.0;-99888000.0;-579439000.0
2017-03-31;2437;2016-12-31;2016-03-31;2017-03-31;29272652000.0;2361014000.0;26812925000.0;31138510000.0;5982651000.0;41008656000.0;-3894468000.0;-434758000.0;27188880000.0;2901652000.0;26605842000.0;26258102000.0;5888191000.0;41152152000.0;1378152000.0;-461353000.0;1378152000.0;26812925000.0;26605842000.0;207083000.0;-461353000.0;29272652000.0;27188880000.0;2083772000.0;2361014000.0;2901652000.0;-540638000.0;31138510000.0;26258102000.0;4880408000.0;5982651000.0;5888191000.0;94460000.0;41008656000.0;41152152000.0;-143496000.0;2663032000.0
2017-03-31;2453;2016-12-31;2016-03-31;2017-03-31;8285470000.0;995132000.0;3775076000.0;11447460000.0;4836923000.0;10342357000.0;5207000.0;-199033000.0;7901975000.0;842265000.0;2859227000.0;11381120000.0;4966902000.0;9761034000.0;342734000.0;-201365000.0;342734000.0;3775076000.0;2859227000.0;915849000.0;-201365000.0;8285470000.0;7901975000.0;383495000.0;995132000.0;842265000.0;152867000.0;11447460000.0;11381120000.0;66340000.0;4836923000.0;4966902000.0;-129979000.0;10342357000.0;9761034000.0;581323000.0;-1497203000.0
2017-03-31;18660;2016-12-31;2016-03-31;2017-03-31;11379187000.0;6164997000.0;9712998000.0;9018493000.0;3422923000.0;18621065000.0;232447000.0;-246737000.0;10562550000.0;4877813000.0;9880291000.0;10160412000.0;4384541000.0;16945442000.0;232121000.0;-305281000.0;232121000.0;9712998000.0;9880291000.0;-167293000.0;-305281000.0;11379187000.0;10562550000.0;816637000.0;6164997000.0;4877813000.0;1287184000.0;9018493000.0;10160412000.0;-1141919000.0;3422923000.0;4384541000.0;-961618000.0;18621065000.0;16945442000.0;1675623000.0;-1927296000.0
2017-03-31;20257;2016-12-31;2016-03-31;2017-03-31;1954878000.0;101505000.0;21519000.0;1074367000.0;909370000.0;2381087000.0;253685000.0;-1145000.0;2348452000.0;217222000.0;21015000.0;1126607000.0;963641000.0;2388817000.0;201367000.0;-815000.0;201367000.0;21519000.0;21015000.0;504000.0;-815000.0;1954878000.0;2348452000.0;-393574000.0;101505000.0;217222000.0;-115717000.0;1074367000.0;1126607000.0;-52240000.0;909370000.0;963641000.0;-54271000.0;2381087000.0;2388817000.0;-7730000.0;263407000.0
2017-03-31;21237;2016-12-31;2016-03-31;2017-03-31;1249601000.0;493997000.0;6528059000.0;1740974000.0;1243763000.0;3699496000.0;-94741000.0;-48512000.0;983191000.0;326789000.0;6497642000.0;911009000.0;479238000.0;4242029000.0;-11834000.0;-86555000.0;-11834000.0;6528059000.0;6497642000.0;30417000.0;-86555000.0;1249601000.0;983191000.0;266410000.0;493997000.0;326789000.0;167208000.0;1740974000.0;911009000.0;829965000.0;1243763000.0;479238000.0;764525000.0;3699496000.0;4242029000.0;-542533000.0;2076223000.0
2017-06-30;2437;2016-12-31;2016-06-30;2017-06-30;29272652000.0;2361014000.0;26812925000.0;31138510000.0;5982651000.0;41008656000.0;12790645000.0;-885518000.0;30541720000.0;2542594000.0;26445590000.0;27599784000.0;6020155000.0;41312030000.0;344092000.0;-918266000.0;344092000.0;26812925000.0;26445590000.0;367335000.0;-918266000.0;29272652000.0;30541720000.0;-1269068000.0;2361014000.0;2542594000.0;-181580000.0;31138510000.0;27599784000.0;3538726000.0;5982651000.0;6020155000.0;-37504000.0;41008656000.0;41312030000.0;-303374000.0;3768995000.0
2017-06-30;2453;2016-12-31;2016-06-30;2017-06-30;8285470000.0;995132000.0;3775076000.0;11447460000.0;4836923000.0;10342357000.0;202124000.0;-398717000.0;7874788000.0;946103000.0;2823033000.0;11777706000.0;5192693000.0;9413957000.0;138114000.0;-410800000.0;138114000.0;3775076000.0;2823033000.0;952043000.0;-410800000.0;8285470000.0;7874788000.0;410682000.0;995132000.0;946103000.0;49029000.0;11447460000.0;11777706000.0;-330246000.0;4836923000.0;5192693000.0;-355770000.0;10342357000.0;9413957000.0;928400000.0;-3151769000.0
2017-06-30;18660;2016-12-31;2016-06-30;2017-06-30;11379187000.0;6164997000.0;9712998000.0;9018493000.0;3422923000.0;18621065000.0;240135000.0;-497409000.0;10138647000.0;4316090000.0;9984338000.0;11222464000.0;5121391000.0;15734684000.0;123172000.0;-615819000.0;123172000.0;9712998000.0;9984338000.0;-271340000.0;-615819000.0;11379187000.0;10138647000.0;1240540000.0;6164997000.0;4316090000.0;1848907000.0;9018493000.0;11222464000.0;-2203971000.0;3422923000.0;5121391000.0;-1698468000.0;18621065000.0;15734684000.0;2886381000.0;-4552853000.0
2017-06-30;20257;2016-12-31;2016-06-30;2017-06-30;1954878000.0;101505000.0;21519000.0;1074367000.0;909370000.0;2381087000.0;207207000.0;-1785000.0;2275463000.0;84519000.0;20048000.0;1200182000.0;1000808000.0;2411819000.0;72034000.0;-1624000.0;72034000.0;21519000.0;20048000.0;1471000.0;-1624000.0;1954878000.0;2275463000.0;-320585000.0;101505000.0;84519000.0;16986000.0;1074367000.0;1200182000.0;-125815000.0;909370000.0;1000808000.0;-91438000.0;2381087000.0;2411819000.0;-30732000.0;236975000.0
2017-06-30;21237;2016-12-31;2016-06-30;2017-06-30;1249601000.0;493997000.0;6528059000.0;1740974000.0;1243763000.0;3699496000.0;-105594000.0;-100893000.0;1035610000.0;368491000.0;6516390000.0;993301000.0;491500000.0;4242052000.0;-40830000.0;-163449000.0;-40830000.0;6528059000.0;6516390000.0;11669000.0;-163449000.0;1249601000.0;1035610000.0;213991000.0;493997000.0;368491000.0;125506000.0;1740974000.0;993301000.0;747673000.0;1243763000.0;491500000.0;752263000.0;3699496000.0;4242052000.0;-542556000.0;1863565000.0
2017-09-30;2437;2016-12-31;2016-09-30;2017-09-30;29272652000.0;2361014000.0;26812925000.0;31138510000.0;5982651000.0;41008656000.0;875117000.0;-1328177000.0;32010666000.0;2445213000.0;26083522000.0;28050655000.0;5467618000.0;40763969000.0;550158000.0;-1384529000.0;550158000.0;26812925000.0;26083522000.0;729403000.0;-1384529000.0;29272652000.0;32010666000.0;-2738014000.0;2361014000.0;2445213000.0;-84199000.0;31138510000.0;28050655000.0;3087855000.0;5982651000.0;5467618000.0;515033000.0;41008656000.0;40763969000.0;244687000.0;4364043000.0
2017-09-30;2453;2016-12-31;2016-09-30;2017-09-30;8285470000.0;995132000.0;3775076000.0;11447460000.0;4836923000.0;10342357000.0;433502000.0;-601197000.0;7855582000.0;582382000.0;2797191000.0;12349927000.0;5199471000.0;8856104000.0;-83666000.0;-616783000.0;-83666000.0;3775076000.0;2797191000.0;977885000.0;-616783000.0;8285470000.0;7855582000.0;429888000.0;995132000.0;582382000.0;412750000.0;11447460000.0;12349927000.0;-902467000.0;4836923000.0;5199471000.0;-362548000.0;10342357000.0;8856104000.0;1486253000.0;-4033990000.0
2017-09-30;18660;2016-12-31;2016-09-30;2017-09-30;11379187000.0;6164997000.0;9712998000.0;9018493000.0;3422923000.0;18621065000.0;269272000.0;-752249000.0;10297796000.0;3832155000.0;9841148000.0;12307461000.0;5377869000.0;14443078000.0;390197000.0;-930473000.0;390197000.0;9712998000.0;9841148000.0;-128150000.0;-930473000.0;11379187000.0;10297796000.0;1081391000.0;6164997000.0;3832155000.0;2332842000.0;9018493000.0;12307461000.0;-3288968000.0;3422923000.0;5377869000.0;-1954946000.0;18621065000.0;14443078000.0;4177987000.0;-6249734000.0
2017-09-30;20257;2016-12-31;2016-09-30;2017-09-30;1954878000.0;101505000.0;21519000.0;1074367000.0;909370000.0;2381087000.0;217556000.0;-2491000.0;2487654000.0;41876000.0;21783000.0;1279112000.0;1050602000.0;2403566000.0;97325000.0;-2573000.0;97325000.0;21519000.0;21783000.0;-264000.0;-2573000.0;1954878000.0;2487654000.0;-532776000.0;101505000.0;41876000.0;59629000.0;1074367000.0;1279112000.0;-204745000.0;909370000.0;1050602000.0;-141232000.0;2381087000.0;2403566000.0;-22479000.0;423552000.0
2017-09-30;21237;2016-12-31;2016-09-30;2017-09-30;1249601000.0;493997000.0;6528059000.0;1740974000.0;1243763000.0;3699496000.0;-4881000.0;-170804000.0;1369346000.0;396774000.0;6488023000.0;1249588000.0;561573000.0;4196620000.0;55453000.0;-284557000.0;55453000.0;6528059000.0;6488023000.0;40036000.0;-284557000.0;1249601000.0;1369346000.0;-119745000.0;493997000.0;396774000.0;97223000.0;1740974000.0;1249588000.0;491386000.0;1243763000.0;561573000.0;682190000.0;3699496000.0;4196620000.0;-497124000.0;1715751000.0
2018-03-31;2437;2017-12-31;2017-03-31;2018-03-31;37358727000.0;2122128000.0;27965837000.0;34186952000.0;6214897000.0;40455493000.0;1378152000.0;-461353000.0;36948349000.0;2077790000.0;27628145000.0;33806514000.0;5375387000.0;39856513000.0;56138000.0;-466335000.0;56138000.0;27965837000.0;27628145000.0;337692000.0;-466335000.0;37358727000.0;36948349000.0;410378000.0;2122128000.0;2077790000.0;44338000.0;34186952000.0;33806514000.0;380438000.0;6214897000.0;5375387000.0;839510000.0;40455493000.0;39856513000.0;598980000.0;-448623000.0
2018-03-31;2453;2017-12-31;2017-03-31;2018-03-31;8537303000.0;1030257000.0;2762310000.0;8662284000.0;2370551000.0;12027146000.0;342734000.0;-201365000.0;6913109000.0;422328000.0;2725712000.0;7548199000.0;2588160000.0;11110656000.0;464595000.0;-212991000.0;464595000.0;2762310000.0;2725712000.0;36598000.0;-212991000.0;8537303000.0;6913109000.0;1624194000.0;1030257000.0;422328000.0;607929000.0;8662284000.0;7548199000.0;1114085000.0;2370551000.0;2588160000.0;-217609000.0;12027146000.0;11110656000.0;916490000.0;-213344000.0
2018-03-31;18660;2017-12-31;2017-03-31;2018-03-31;9581212000.0;3249642000.0;9787125000.0;11378688000.0;5292679000.0;14875904000.0;232121000.0;-305281000.0;9603033000.0;3028978000.0;9678537000.0;10464792000.0;5454449000.0;15352469000.0;419404000.0;-319718000.0;419404000.0;9787125000.0;9678537000.0;108588000.0;-319718000.0;9581212000.0;9603033000.0;-21821000.0;3249642000.0;3028978000.0;220664000.0;11378688000.0;10464792000.0;913896000.0;5292679000.0;5454449000.0;-161770000.0;14875904000.0;15352469000.0;-476565000.0;1682938000.0
2018-03-31;20257;2017-12-31;2017-03-31;2018-03-31;1946797000.0;56680000.0;23277000.0;644778000.0;401779000.0;2603381000.0;201367000.0;-815000.0;2116435000.0;93131000.0;22936000.0;622278000.0;429382000.0;2620121000.0;217277000.0;-1484000.0;217277000.0;23277000.0;22936000.0;341000.0;-1484000.0;1946797000.0;2116435000.0;-169638000.0;56680000.0;93131000.0;-36451000.0;644778000.0;622278000.0;22500000.0;401779000.0;429382000.0;-27603000.0;2603381000.0;2620121000.0;-16740000.0;323825000.0
2018-03-31;21237;2017-12-31;2017-03-31;2018-03-31;1877257000.0;766884000.0;6452811000.0;1152007000.0;422786000.0;3932806000.0;-11834000.0;-86555000.0;1191964000.0;498585000.0;6452230000.0;1211442000.0;691806000.0;3350491000.0;36367000.0;-94519000.0;36367000.0;6452811000.0;6452230000.0;581000.0;-94519000.0;1877257000.0;1191964000.0;685293000.0;766884000.0;498585000.0;268299000.0;1152007000.0;1211442000.0;-59435000.0;422786000.0;691806000.0;-269020000.0;3932806000.0;3350491000.0;582315000.0;-1118198000.0
2018-06-30;2437;2017-12-31;2017-06-30;2018-06-30;37358727000.0;2122128000.0;27965837000.0;34186952000.0;6214897000.0;40455493000.0;344092000.0;-918266000.0;41287043000.0;2497910000.0;27159926000.0;33372521000.0;5214513000.0;40689647000.0;2831925000.0;-949293000.0;2831925000.0;27965837000.0;27159926000.0;805911000.0;-949293000.0;37358727000.0;41287043000.0;-3928316000.0;2122128000.0;2497910000.0;-375782000.0;34186952000.0;33372521000.0;814431000.0;6214897000.0;5214513000.0;1000384000.0;40455493000.0;40689647000.0;-234154000.0;6302442000.0
2018-06-30;2453;2017-12-31;2017-06-30;2018-06-30;8537303000.0;1030257000.0;2762310000.0;8662284000.0;2370551000.0;12027146000.0;138114000.0;-410800000.0;7312878000.0;940937000.0;2420914000.0;7866540000.0;2740647000.0;11863407000.0;-10886000.0;-411300000.0;-10886000.0;2762310000.0;2420914000.0;341396000.0;-411300000.0;8537303000.0;7312878000.0;1224425000.0;1030257000.0;940937000.0;89320000.0;8662284000.0;7866540000.0;795744000.0;2370551000.0;2740647000.0;-370096000.0;12027146000.0;11863407000.0;163739000.0;-1547458000.0
2018-06-30;18660;2017-12-31;2017-06-30;2018-06-30;9581211000.0;3249642000.0;9787125000.0;11378687000.0;5292680000.0;14875904000.0;123172000.0;-760052000.0;9671893000.0;2490235000.0;9612095000.0;9713720000.0;4396744000.0;16249194000.0;450177000.0;-805756000.0;450177000.0;9787125000.0;9612095000.0;175030000.0;-805756000.0;9581211000.0;9671893000.0;-90682000.0;3249642000.0;2490235000.0;759407000.0;11378687000.0;9713720000.0;1664967000.0;5292680000.0;4396744000.0;895936000.0;14875904000.0;16249194000.0;-1373290000.0;5013080000.0
2018-06-30;20257;2017-12-31;2017-06-30;2018-06-30;1946797000.0;56680000.0;23277000.0;644778000.0;401779000.0;2603381000.0;72034000.0;-1624000.0;2060752000.0;112379000.0;22777000.0;680527000.0;470214000.0;2681664000.0;259251000.0;-3081000.0;259251000.0;23277000.0;22777000.0;500000.0;-3081000.0;1946797000.0;2060752000.0;-113955000.0;56680000.0;112379000.0;-55699000.0;644778000.0;680527000.0;-35749000.0;401779000.0;470214000.0;-68435000.0;2603381000.0;2681664000.0;-78283000.0;232326000.0
2018-06-30;21237;2017-12-31;2017-06-30;2018-06-30;1877256000.0;766884000.0;6452811000.0;1152007000.0;422786000.0;3932806000.0;-40830000.0;-163449000.0;1655985000.0;585035000.0;8038722000.0;1535764000.0;821777000.0;4170875000.0;205602000.0;-199472000.0;205602000.0;6452811000.0;8038722000.0;-1585911000.0;-199472000.0;1877256000.0;1655985000.0;221271000.0;766884000.0;585035000.0;181849000.0;1152007000.0;1535764000.0;-383757000.0;422786000.0;821777000.0;-398991000.0;3932806000.0;4170875000.0;-238069000.0;1189789000.0
2018-09-30;2437;2017-12-31;2017-09-30;2018-09-30;37358727000.0;2122128000.0;27965837000.0;34186952000.0;6214897000.0;40455493000.0;550158000.0;-1384529000.0;46599215000.0;2666622000.0;24865284000.0;40688447000.0;9536880000.0;34893286000.0;-1613453000.0;-1437803000.0;-1613453000.0;27965837000.0;24865284000.0;3100553000.0;-1437803000.0;37358727000.0;46599215000.0;-9240488000.0;2122128000.0;2666622000.0;-544494000.0;34186952000.0;40688447000.0;-6501495000.0;6214897000.0;9536880000.0;-3321983000.0;40455493000.0;34893286000.0;5562207000.0;-13385994000.0
2018-09-30;2453;2017-12-31;2017-09-30;2018-09-30;8537303000.0;1030257000.0;2762310000.0;8662284000.0;2370551000.0;12027146000.0;-83666000.0;-616783000.0;9536516000.0;1493383000.0;2409600000.0;7875913000.0;2392155000.0;13001900000.0;244540000.0;-619104000.0;244540000.0;2762310000.0;2409600000.0;352710000.0;-619104000.0;8537303000.0;9536516000.0;-999213000.0;1030257000.0;1493383000.0;-463126000.0;8662284000.0;7875913000.0;786371000.0;2370551000.0;2392155000.0;-21604000.0;12027146000.0;13001900000.0;-974754000.0;1085208000.0
2018-09-30;18660;2017-12-31;2017-09-30;2018-09-30;9581211000.0;3249642000.0;9787125000.0;11378687000.0;5292680000.0;14875904000.0;390197000.0;-930473000.0;12191717000.0;3578838000.0;9536347000.0;11047179000.0;4398305000.0;17142875000.0;626223000.0;-984051000.0;626223000.0;9787125000.0;9536347000.0;250778000.0;-984051000.0;9581211000.0;12191717000.0;-2610506000.0;3249642000.0;3578838000.0;-329196000.0;11378687000.0;11047179000.0;331508000.0;5292680000.0;4398305000.0;894375000.0;14875904000.0;17142875000.0;-2266971000.0;4836362000.0
2018-09-30;20257;2017-12-31;2017-09-30;2018-09-30;1946797000.0;56680000.0;23277000.0;644778000.0;401779000.0;2603381000.0;97325000.0;-2573000.0;2663691000.0;233779000.0;22639000.0;700361000.0;494055000.0;3230922000.0;267719000.0;-4741000.0;267719000.0;23277000.0;22639000.0;638000.0;-4741000.0;1946797000.0;2663691000.0;-716894000.0;56680000.0;233779000.0;-177099000.0;644778000.0;700361000.0;-55583000.0;401779000.0;494055000.0;-92276000.0;2603381000.0;3230922000.0;-627541000.0;1104718000.0
2018-09-30;21237;2017-12-31;2017-09-30;2018-09-30;1877256000.0;766884000.0;6452811000.0;1152007000.0;422786000.0;3932806000.0;55453000.0;-284557000.0;2159119000.0;736404000.0;7950043000.0;1743328000.0;825549000.0;4184886000.0;175592000.0;-336261000.0;175592000.0;6452811000.0;7950043000.0;-1497232000.0;-336261000.0;1877256000.0;2159119000.0;-281863000.0;766884000.0;736404000.0;30480000.0;1152007000.0;1743328000.0;-591321000.0;422786000.0;825549000.0;-402763000.0;3932806000.0;4184886000.0;-252080000.0;937382000.0
2019-03-31;2437;2018-12-31;2018-03-31;2019-03-31;46845413000.0;2143440000.0;32370392000.0;36523971000.0;12255107000.0;43562034000.0;483977000.0;-466335000.0;44637806000.0;3222157000.0;32661511000.0;33346924000.0;11567091000.0;43914042000.0;1347354000.0;-427957000.0;1347354000.0;32370392000.0;32661511000.0;-291119000.0;-427957000.0;46845413000.0;44637806000.0;2207607000.0;2143440000.0;3222157000.0;-1078717000.0;36523971000.0;33346924000.0;3177047000.0;12255107000.0;11567091000.0;688016000.0;43562034000.0;43914042000.0;-352008000.0;1062546000.0
2019-03-31;2453;2018-12-31;2018-03-31;2019-03-31;27796074000.0;890804000.0;2661585000.0;23393584000.0;2197566000.0;12574262000.0;464595000.0;-212991000.0;27758563000.0;796441000.0;2627256000.0;23760164000.0;2650243000.0;11486574000.0;797239000.0;-230896000.0;797239000.0;2661585000.0;2627256000.0;34329000.0;-230896000.0;27796074000.0;27758563000.0;37511000.0;890804000.0;796441000.0;94363000.0;23393584000.0;23760164000.0;-366580000.0;2197566000.0;2650243000.0;-452677000.0;12574262000.0;11486574000.0;1087688000.0;-1223716000.0
2019-03-31;18660;2018-12-31;2018-03-31;2019-03-31;9402316000.0;1891457000.0;9456614000.0;8415132000.0;3363465000.0;17013339000.0;419404000.0;-319718000.0;11035803000.0;3440809000.0;9351350000.0;9726955000.0;3880206000.0;16596467000.0;570358000.0;-334074000.0;570358000.0;9456614000.0;9351350000.0;105264000.0;-334074000.0;9402316000.0;11035803000.0;-1633487000.0;1891457000.0;3440809000.0;-1549352000.0;8415132000.0;9726955000.0;-1311823000.0;3363465000.0;3880206000.0;-516741000.0;17013339000.0;16596467000.0;416872000.0;-3579633000.0
2019-03-31;20257;2018-12-31;2018-03-31;2019-03-31;1927671000.0;20869000.0;23218000.0;646805000.0;428280000.0;2871675000.0;231226000.0;-1484000.0;2253153000.0;20881000.0;60295000.0;684751000.0;498805000.0;3141586000.0;159582000.0;-3386000.0;159582000.0;23218000.0;60295000.0;-37077000.0;-3386000.0;1927671000.0;2253153000.0;-325482000.0;20869000.0;20881000.0;-12000.0;646805000.0;684751000.0;-37946000.0;428280000.0;498805000.0;-70525000.0;2871675000.0;3141586000.0;-269911000.0;680171000.0
2019-03-31;21237;2018-12-31;2018-03-31;2019-03-31;2146628000.0;1152266000.0;7929919000.0;978764000.0;297363000.0;4866381000.0;36367000.0;-94519000.0;2248504000.0;1151865000.0;8015778000.0;951710000.0;342473000.0;4822333000.0;129401000.0;-105765000.0;129401000.0;7929919000.0;8015778000.0;-85859000.0;-105765000.0;2146628000.0;2248504000.0;-101876000.0;1152266000.0;1151865000.0;401000.0;978764000.0;951710000.0;27054000.0;297363000.0;342473000.0;-45110000.0;4866381000.0;4822333000.0;44048000.0;150069000.0
2019-06-30;2437;2018-12-31;2018-06-30;2019-06-30;46845413000.0;2143440000.0;32370392000.0;36523971000.0;12255107000.0;43562034000.0;1371650000.0;-949293000.0;42037600000.0;6827485000.0;32488848000.0;28495210000.0;11393207000.0;45281601000.0;5560934000.0;-872730000.0;5560934000.0;32370392000.0;32488848000.0;-118456000.0;-872730000.0;46845413000.0;42037600000.0;4807813000.0;2143440000.0;6827485000.0;-4684045000.0;36523971000.0;28495210000.0;8028761000.0;12255107000.0;11393207000.0;861900000.0;43562034000.0;45281601000.0;-1719567000.0;1240985000.0
2019-06-30;2453;2018-12-31;2018-06-30;2019-06-30;27796074000.0;890804000.0;2661585000.0;23393584000.0;2197566000.0;12574262000.0;-10886000.0;-411300000.0;27617150000.0;748540000.0;2603120000.0;24347693000.0;2949083000.0;10927306000.0;2114986000.0;-479299000.0;2114986000.0;2661585000.0;2603120000.0;58465000.0;-479299000.0;27796074000.0;27617150000.0;178924000.0;890804000.0;748540000.0;142264000.0;23393584000.0;24347693000.0;-954109000.0;2197566000.0;2949083000.0;-751517000.0;12574262000.0;10927306000.0;1646956000.0;-1669756000.0
2019-06-30;18660;2018-12-31;2018-06-30;2019-06-30;9402316000.0;1891457000.0;9456614000.0;8415132000.0;3363465000.0;17013339000.0;450177000.0;-805756000.0;14132373000.0;6981505000.0;9225343000.0;8935592000.0;3218979000.0;16813036000.0;573673000.0;-816054000.0;573673000.0;9456614000.0;9225343000.0;231271000.0;-816054000.0;9402316000.0;14132373000.0;-4730057000.0;1891457000.0;6981505000.0;-5090048000.0;8415132000.0;8935592000.0;-520460000.0;3363465000.0;3218979000.0;144486000.0;17013339000.0;16813036000.0;200303000.0;-6499968000.0
2019-06-30;20257;2018-12-31;2018-06-30;2019-06-30;1927671000.0;20869000.0;23218000.0;646805000.0;428280000.0;2871675000.0;276157000.0;-3081000.0;3323771000.0;26530000.0;53720000.0;759860000.0;547922000.0;4206001000.0;307424000.0;-6584000.0;307424000.0;23218000.0;53720000.0;-30502000.0;-6584000.0;1927671000.0;3323771000.0;-1396100000.0;20869000.0;26530000.0;-5661000.0;646805000.0;759860000.0;-113055000.0;428280000.0;547922000.0;-119642000.0;2871675000.0;4206001000.0;-1334326000.0;2817749000.0
2019-06-30;21237;2018-12-31;2018-06-30;2019-06-30;2146628000.0;1152266000.0;7929919000.0;978764000.0;297363000.0;4866381000.0;205602000.0;-199472000.0;2531054000.0;1362474000.0;8109517000.0;1058500000.0;407868000.0;4987163000.0;15680000.0;-212908000.0;15680000.0;7929919000.0;8109517000.0;-179598000.0;-212908000.0;2146628000.0;2531054000.0;-384426000.0;1152266000.0;1362474000.0;-210208000.0;978764000.0;1058500000.0;-79736000.0;297363000.0;407868000.0;-110505000.0;4866381000.0;4987163000.0;-120782000.0;-123079000.0
2019-09-30;2437;2018-12-31;2018-09-30;2019-09-30;46845413000.0;2143440000.0;32370392000.0;36523971000.0;12255107000.0;43562034000.0;-2260088000.0;-1437803000.0;38819290000.0;3523628000.0;32318262000.0;24809126000.0;7666044000.0;42732183000.0;715872000.0;-1311926000.0;715872000.0;32370392000.0;32318262000.0;52130000.0;-1311926000.0;46845413000.0;38819290000.0;8026123000.0;2143440000.0;3523628000.0;-1380188000.0;36523971000.0;24809126000.0;11714845000.0;12255107000.0;7666044000.0;4589063000.0;43562034000.0;42732183000.0;829851000.0;4039374000.0
2019-09-30;2453;2018-12-31;2018-09-30;2019-09-30;27796074000.0;890804000.0;2661585000.0;23393584000.0;2197566000.0;12574262000.0;244540000.0;-619104000.0;10297583000.0;694972000.0;2560405000.0;7774088000.0;2769520000.0;12414787000.0;-281834000.0;-723322000.0;-281834000.0;2661585000.0;2560405000.0;101180000.0;-723322000.0;27796074000.0;10297583000.0;17498491000.0;890804000.0;694972000.0;195832000.0;23393584000.0;7774088000.0;15619496000.0;2197566000.0;2769520000.0;-571954000.0;12574262000.0;12414787000.0;159475000.0;-3325096000.0
2019-09-30;18660;2018-12-31;2018-09-30;2019-09-30;9402316000.0;1891457000.0;9456614000.0;8415132000.0;3363465000.0;17013339000.0;626223000.0;-984051000.0;11068152000.0;3231733000.0;9106888000.0;10110192000.0;3979171000.0;16372217000.0;747739000.0;-1019281000.0;747739000.0;9456614000.0;9106888000.0;349726000.0;-1019281000.0;9402316000.0;11068152000.0;-1665836000.0;1891457000.0;3231733000.0;-1340276000.0;8415132000.0;10110192000.0;-1695060000.0;3363465000.0;3979171000.0;-615706000.0;17013339000.0;16372217000.0;641122000.0;-4587872000.0
2019-09-30;20257;2018-12-31;2018-09-30;2019-09-30;1927671000.0;20869000.0;23218000.0;646805000.0;428280000.0;2871675000.0;294732000.0;-4741000.0;3130852000.0;18982000.0;56603000.0;1056561000.0;810817000.0;3954282000.0;357840000.0;-10374000.0;357840000.0;23218000.0;56603000.0;-33385000.0;-10374000.0;1927671000.0;3130852000.0;-1203181000.0;20869000.0;18982000.0;1887000.0;646805000.0;1056561000.0;-409756000.0;428280000.0;810817000.0;-382537000.0;2871675000.0;3954282000.0;-1082607000.0;1878120000.0
2019-09-30;21237;2018-12-31;2018-09-30;2019-09-30;2146628000.0;1152266000.0;7929919000.0;978764000.0;297363000.0;4866381000.0;175592000.0;-336261000.0;2524825000.0;1122991000.0;8329324000.0;1273506000.0;490250000.0;4867927000.0;89555000.0;-344910000.0;89555000.0;7929919000.0;8329324000.0;-399405000.0;-344910000.0;2146628000.0;2524825000.0;-378197000.0;1152266000.0;1122991000.0;29275000.0;978764000.0;1273506000.0;-294742000.0;297363000.0;490250000.0;-192887000.0;4866381000.0;4867927000.0;-1546000.0;94714000.0
2020-03-31;2437;2019-12-31;2019-03-31;2020-03-31;40718463000.0;3562843000.0;33315874000.0;25638057000.0;7934644000.0;41172186000.0;1347354000.0;-427957000.0;42733728000.0;3831455000.0;32912292000.0;24621363000.0;8245528000.0;43480419000.0;306836000.0;-469265000.0;306836000.0;33315874000.0;32912292000.0;403582000.0;-469265000.0;40718463000.0;42733728000.0;-2015265000.0;3562843000.0;3831455000.0;-268612000.0;25638057000.0;24621363000.0;1016694000.0;7934644000.0;8245528000.0;-310884000.0;41172186000.0;43480419000.0;-2308233000.0;3926073000.0
2020-03-31;2453;2019-12-31;2019-03-31;2020-03-31;10137408000.0;535757000.0;2450125000.0;7912451000.0;2746249000.0;12029782000.0;797239000.0;-230896000.0;10478705000.0;795731000.0;2429566000.0;7755098000.0;3069072000.0;12693502000.0;-56846000.0;-242752000.0;-56846000.0;2450125000.0;2429566000.0;20559000.0;-242752000.0;10137408000.0;10478705000.0;-341297000.0;535757000.0;795731000.0;-259974000.0;7912451000.0;7755098000.0;157353000.0;2746249000.0;3069072000.0;-322823000.0;12029782000.0;12693502000.0;-663720000.0;-558000.0
2020-03-31;18660;2019-12-31;2019-03-31;2020-03-31;10340630000.0;1937163000.0;9083710000.0;10065908000.0;3458775000.0;15450798000.0;570358000.0;-334074000.0;13272848000.0;5569505000.0;8975244000.0;9725636000.0;3926590000.0;18766606000.0;904126000.0;-356669000.0;904126000.0;9083710000.0;8975244000.0;108466000.0;-356669000.0;10340630000.0;13272848000.0;-2932218000.0;1937163000.0;5569505000.0;-3632342000.0;10065908000.0;9725636000.0;340272000.0;3458775000.0;3926590000.0;-467815000.0;15450798000.0;18766606000.0;-3315808000.0;-705210000.0
2020-03-31;20257;2019-12-31;2019-03-31;2020-03-31;3568430000.0;82562000.0;56439000.0;996501000.0;743002000.0;4600202000.0;159582000.0;-3386000.0;3228146000.0;209548000.0;55626000.0;1039895000.0;795536000.0;5105097000.0;364187000.0;-3446000.0;364187000.0;56439000.0;55626000.0;813000.0;-3446000.0;3568430000.0;3228146000.0;340284000.0;82562000.0;209548000.0;-126986000.0;996501000.0;1039895000.0;-43394000.0;743002000.0;795536000.0;-52534000.0;4600202000.0;5105097000.0;-504895000.0;174639000.0
2020-03-31;21237;2019-12-31;2019-03-31;2020-03-31;2825850000.0;1517583000.0;8805604000.0;1352928000.0;283498000.0;5273044000.0;129401000.0;-105765000.0;2460316000.0;1287238000.0;9281845000.0;1222796000.0;350915000.0;5185868000.0;179636000.0;-128922000.0;179636000.0;8805604000.0;9281845000.0;-476241000.0;-128922000.0;2825850000.0;2460316000.0;365534000.0;1517583000.0;1287238000.0;230345000.0;1352928000.0;1222796000.0;130132000.0;283498000.0;350915000.0;-67417000.0;5273044000.0;5185868000.0;87176000.0;597650000.0
2020-06-30;2437;2019-12-31;2019-06-30;2020-06-30;40718463000.0;3562843000.0;33315874000.0;25638057000.0;7934644000.0;41172186000.0;5560934000.0;-872730000.0;47519032000.0;3188981000.0;32754780000.0;26458406000.0;9041096000.0;42608208000.0;4597353000.0;-931858000.0;4597353000.0;33315874000.0;32754780000.0;561094000.0;-931858000.0;40718463000.0;47519032000.0;-6800569000.0;3562843000.0;3188981000.0;373862000.0;25638057000.0;26458406000.0;-820349000.0;7934644000.0;9041096000.0;-1106452000.0;41172186000.0;42608208000.0;-1436022000.0;10161915000.0
2020-06-30;2453;2019-12-31;2019-06-30;2020-06-30;10137408000.0;535757000.0;2450125000.0;7912451000.0;2746249000.0;12029782000.0;2114986000.0;-479299000.0;14161616000.0;971314000.0;2422073000.0;9053151000.0;3001664000.0;12860765000.0;1043994000.0;-488449000.0;1043994000.0;2450125000.0;2422073000.0;28052000.0;-488449000.0;10137408000.0;14161616000.0;-4024208000.0;535757000.0;971314000.0;-435557000.0;7912451000.0;9053151000.0;-1140700000.0;2746249000.0;3001664000.0;-255415000.0;12029782000.0;12860765000.0;-830983000.0;3115455000.0
2020-06-30;18660;2019-12-31;2019-06-30;2020-06-30;10340630000.0;1937163000.0;9083710000.0;10065908000.0;3458775000.0;15450798000.0;573673000.0;-816054000.0;16287663000.0;6987631000.0;8880619000.0;12990880000.0;6381600000.0;17332510000.0;462207000.0;-863320000.0;462207000.0;9083710000.0;8880619000.0;203091000.0;-863320000.0;10340630000.0;16287663000.0;-5947033000.0;1937163000.0;6987631000.0;-5050468000.0;10065908000.0;12990880000.0;-2924972000.0;3458775000.0;6381600000.0;-2922825000.0;15450798000.0;17332510000.0;-1881712000.0;-8724192000.0
2020-06-30;20257;2019-12-31;2019-06-30;2020-06-30;3568430000.0;82562000.0;56439000.0;996501000.0;743002000.0;4600202000.0;307424000.0;-6584000.0;3841299000.0;1524256000.0;55371000.0;1187778000.0;925109000.0;5909426000.0;437848000.0;-7491000.0;437848000.0;56439000.0;55371000.0;1068000.0;-7491000.0;3568430000.0;3841299000.0;-272869000.0;82562000.0;1524256000.0;-1441694000.0;996501000.0;1187778000.0;-191277000.0;743002000.0;925109000.0;-182107000.0;4600202000.0;5909426000.0;-1309224000.0;-1245390000.0
2020-06-30;21237;2019-12-31;2019-06-30;2020-06-30;2825850000.0;1517583000.0;8805604000.0;1352928000.0;283498000.0;5273044000.0;15680000.0;-212908000.0;3150856000.0;2035729000.0;9921881000.0;1660900000.0;755478000.0;5961379000.0;85452000.0;-229848000.0;85452000.0;8805604000.0;9921881000.0;-1116277000.0;-229848000.0;2825850000.0;3150856000.0;-325006000.0;1517583000.0;2035729000.0;-518146000.0;1352928000.0;1660900000.0;-307972000.0;283498000.0;755478000.0;-471980000.0;5273044000.0;5961379000.0;-688335000.0;168978000.0
2020-09-30;2437;2019-12-31;2019-09-30;2020-09-30;40718463000.0;3562843000.0;33315874000.0;25638057000.0;7934644000.0;41172186000.0;715872000.0;-1311926000.0;46518936000.0;3608190000.0;32633789000.0;24695714000.0;9045262000.0;42161439000.0;95764000.0;-1399409000.0;95764000.0;33315874000.0;32633789000.0;682085000.0;-1399409000.0;40718463000.0;46518936000.0;-5800473000.0;3562843000.0;3608190000.0;-45347000.0;25638057000.0;24695714000.0;942343000.0;7934644000.0;9045262000.0;-1110618000.0;41172186000.0;42161439000.0;-989253000.0;4545027000.0
2020-09-30;2453;2019-12-31;2019-09-30;2020-09-30;10137408000.0;535757000.0;2450125000.0;7912451000.0;2746249000.0;12029782000.0;-281834000.0;-723322000.0;15451284000.0;1420751000.0;2404412000.0;9078759000.0;2373644000.0;13733097000.0;545376000.0;-733538000.0;545376000.0;2450125000.0;2404412000.0;45713000.0;-733538000.0;10137408000.0;15451284000.0;-5313876000.0;535757000.0;1420751000.0;-884994000.0;7912451000.0;9078759000.0;-1166308000.0;2746249000.0;2373644000.0;372605000.0;12029782000.0;13733097000.0;-1703315000.0;4219625000.0
2020-09-30;18660;2019-12-31;2019-09-30;2020-09-30;10340630000.0;1937163000.0;9083710000.0;10065908000.0;3458775000.0;15450798000.0;747739000.0;-1019281000.0;15933045000.0;6758471000.0;8894142000.0;12990245000.0;4768214000.0;15423758000.0;1351589000.0;-1030383000.0;1351589000.0;9083710000.0;8894142000.0;189568000.0;-1030383000.0;10340630000.0;15933045000.0;-5592415000.0;1937163000.0;6758471000.0;-4821308000.0;10065908000.0;12990245000.0;-2924337000.0;3458775000.0;4768214000.0;-1309439000.0;15450798000.0;15423758000.0;27040000.0;-8179379000.0
2020-09-30;20257;2019-12-31;2019-09-30;2020-09-30;3568430000.0;82562000.0;56439000.0;996501000.0;743002000.0;4600202000.0;357840000.0;-10374000.0;3358290000.0;1789887000.0;54083000.0;926143000.0;651420000.0;5974829000.0;631914000.0;-12102000.0;631914000.0;56439000.0;54083000.0;2356000.0;-12102000.0;3568430000.0;3358290000.0;210140000.0;82562000.0;1789887000.0;-1707325000.0;996501000.0;926143000.0;70358000.0;743002000.0;651420000.0;91582000.0;4600202000.0;5974829000.0;-1374627000.0;-1470767000.0
2020-09-30;21237;2019-12-31;2019-09-30;2020-09-30;2825850000.0;1517583000.0;8805604000.0;1352928000.0;283498000.0;5273044000.0;89555000.0;-344910000.0;3386471000.0;2403671000.0;10266722000.0;1545859000.0;699939000.0;6599785000.0;55183000.0;-344787000.0;55183000.0;8805604000.0;10266722000.0;-1461118000.0;-344787000.0;2825850000.0;3386471000.0;-560621000.0;1517583000.0;2403671000.0;-886088000.0;1352928000.0;1545859000.0;-192931000.0;283498000.0;699939000.0;-416441000.0;5273044000.0;6599785000.0;-1326741000.0;677328000.0
2021-03-31;2437;2020-12-31;2020-03-31;2021-03-31;45191737000.0;3859969000.0;32662912000.0;26400066000.0;11628072000.0;36427155000.0;1227680000.0;-469265000.0;43763449000.0;4075886000.0;32489221000.0;24497422000.0;10839091000.0;36775927000.0;1609139000.0;-458100000.0;1609139000.0;32662912000.0;32489221000.0;173691000.0;-458100000.0;45191737000.0;43763449000.0;1428288000.0;3859969000.0;4075886000.0;-215917000.0;26400066000.0;24497422000.0;1902644000.0;11628072000.0;10839091000.0;788981000.0;36427155000.0;36775927000.0;-348772000.0;2157623000.0
2021-03-31;2453;2020-12-31;2020-03-31;2021-03-31;15456200000.0;1680397000.0;2407143000.0;9690215000.0;2059315000.0;12961243000.0;-68133000.0;-242752000.0;14666045000.0;3332411000.0;2391080000.0;9057956000.0;1628278000.0;13037225000.0;422351000.0;-238431000.0;422351000.0;2407143000.0;2391080000.0;16063000.0;-238431000.0;15456200000.0;14666045000.0;790155000.0;1680397000.0;3332411000.0;-1652014000.0;9690215000.0;9057956000.0;632259000.0;2059315000.0;1628278000.0;431037000.0;12961243000.0;13037225000.0;-75982000.0;-2787048000.0
2021-03-31;18660;2020-12-31;2020-03-31;2021-03-31;13811803000.0;3918796000.0;8797903000.0;14405951000.0;3988465000.0;14881872000.0;904126000.0;-356669000.0;14417057000.0;4618910000.0;8705514000.0;14582519000.0;5013475000.0;14496615000.0;961237000.0;-353746000.0;961237000.0;8797903000.0;8705514000.0;92389000.0;-353746000.0;13811803000.0;14417057000.0;-605254000.0;3918796000.0;4618910000.0;-700114000.0;14405951000.0;14582519000.0;-176568000.0;3988465000.0;5013475000.0;-1025010000.0;14881872000.0;14496615000.0;385257000.0;-1866707000.0
2021-03-31;20257;2020-12-31;2020-03-31;2021-03-31;2360161000.0;896031000.0;73676000.0;841643000.0;449739000.0;5803047000.0;391241000.0;-3446000.0;2618436000.0;1021839000.0;77617000.0;895118000.0;536844000.0;5919236000.0;555852000.0;-4687000.0;555852000.0;73676000.0;77617000.0;-3941000.0;-4687000.0;2360161000.0;2618436000.0;-258275000.0;896031000.0;1021839000.0;-125808000.0;841643000.0;895118000.0;-53475000.0;449739000.0;536844000.0;-87105000.0;5803047000.0;5919236000.0;-116189000.0;537374000.0
2021-03-31;21237;2020-12-31;2020-03-31;2021-03-31;2930402000.0;1384933000.0;10946675000.0;1065939000.0;137713000.0;6904952000.0;179636000.0;-128922000.0;2755582000.0;1464233000.0;11335545000.0;880608000.0;180106000.0;7115237000.0;202911000.0;-148217000.0;202911000.0;10946675000.0;11335545000.0;-388870000.0;-148217000.0;2930402000.0;2755582000.0;174820000.0;1384933000.0;1464233000.0;-79300000.0;1065939000.0;880608000.0;185331000.0;137713000.0;180106000.0;-42393000.0;6904952000.0;7115237000.0;-210285000.0;463367000.0
2021-06-30;2437;2020-12-31;2020-06-30;2021-06-30;45191737000.0;3859969000.0;32662912000.0;26400066000.0;11628072000.0;36427155000.0;469255000.0;-931858000.0;50101071000.0;4737599000.0;32453127000.0;25742920000.0;11382735000.0;35856228000.0;2529924000.0;-905365000.0;2529924000.0;32662912000.0;32453127000.0;209785000.0;-905365000.0;45191737000.0;50101071000.0;-4909334000.0;3859969000.0;4737599000.0;-877630000.0;26400066000.0;25742920000.0;657146000.0;11628072000.0;11382735000.0;245337000.0;36427155000.0;35856228000.0;570927000.0;4900404000.0
2021-06-30;2453;2020-12-31;2020-06-30;2021-06-30;15456200000.0;1680397000.0;2407143000.0;9690215000.0;2059315000.0;12961243000.0;1081650000.0;-488449000.0;14893762000.0;2661596000.0;2392881000.0;9547297000.0;1409378000.0;11909610000.0;1946639000.0;-480164000.0;1946639000.0;2407143000.0;2392881000.0;14262000.0;-480164000.0;15456200000.0;14893762000.0;562438000.0;1680397000.0;2661596000.0;-981199000.0;9690215000.0;9547297000.0;142918000.0;2059315000.0;1409378000.0;649937000.0;12961243000.0;11909610000.0;1051633000.0;-1331401000.0
2021-06-30;18660;2020-12-31;2020-06-30;2021-06-30;13811803000.0;3918796000.0;8797903000.0;14405951000.0;3988465000.0;14881872000.0;462207000.0;-719101000.0;11432989000.0;2738478000.0;8808609000.0;12459445000.0;2675735000.0;14307726000.0;1126053000.0;-714958000.0;1126053000.0;8797903000.0;8808609000.0;-10706000.0;-714958000.0;13811803000.0;11432989000.0;2378814000.0;3918796000.0;2738478000.0;1180318000.0;14405951000.0;12459445000.0;1946506000.0;3988465000.0;2675735000.0;1312730000.0;14881872000.0;14307726000.0;574146000.0;3088713000.0
2021-06-30;20257;2020-12-31;2020-06-30;2021-06-30;2360161000.0;896031000.0;73676000.0;841643000.0;449739000.0;5803047000.0;464230000.0;-7491000.0;2252478000.0;719541000.0;81359000.0;1120353000.0;893063000.0;5908932000.0;697895000.0;-10495000.0;697895000.0;73676000.0;81359000.0;-7683000.0;-10495000.0;2360161000.0;2252478000.0;107683000.0;896031000.0;719541000.0;176490000.0;841643000.0;1120353000.0;-278710000.0;449739000.0;893063000.0;-443324000.0;5803047000.0;5908932000.0;-105885000.0;324231000.0
2021-06-30;21237;2020-12-31;2020-06-30;2021-06-30;2930402000.0;1384933000.0;10946675000.0;1065939000.0;137713000.0;6904952000.0;85452000.0;-229848000.0;2650326000.0;1175463000.0;11773207000.0;976992000.0;182467000.0;7210040000.0;118365000.0;-288336000.0;118365000.0;10946675000.0;11773207000.0;-826532000.0;-288336000.0;2930402000.0;2650326000.0;280076000.0;1384933000.0;1175463000.0;209470000.0;1065939000.0;976992000.0;88947000.0;137713000.0;182467000.0;-44754000.0;6904952000.0;7210040000.0;-305088000.0;1144706000.0
2021-09-30;2437;2020-12-31;2020-09-30;2021-09-30;45191737000.0;3859969000.0;32662912000.0;26400066000.0;11628072000.0;36427155000.0;2814073000.0;-1399409000.0;45209072000.0;5774934000.0;32971786000.0;26600098000.0;12089029000.0;37009460000.0;964561000.0;-1408353000.0;964561000.0;32662912000.0;32971786000.0;-308874000.0;-1408353000.0;45191737000.0;45209072000.0;-17335000.0;3859969000.0;5774934000.0;-1914965000.0;26400066000.0;26600098000.0;-200032000.0;11628072000.0;12089029000.0;-460957000.0;36427155000.0;37009460000.0;-582305000.0;-4026197000.0
2021-09-30;2453;2020-12-31;2020-09-30;2021-09-30;15456200000.0;1680397000.0;2407143000.0;9690215000.0;2059315000.0;12961243000.0;312000.0;-733538000.0;13256901000.0;827784000.0;2390117000.0;10494484000.0;1569440000.0;9781813000.0;426000.0;-763482000.0;426000.0;2407143000.0;2390117000.0;17026000.0;-763482000.0;15456200000.0;13256901000.0;2199299000.0;1680397000.0;827784000.0;852613000.0;9690215000.0;10494484000.0;-804269000.0;2059315000.0;1569440000.0;489875000.0;12961243000.0;9781813000.0;3179430000.0;-4767979000.0
2021-09-30;18660;2020-12-31;2020-09-30;2021-09-30;13811803000.0;3918796000.0;8797903000.0;14405951000.0;3988465000.0;14881872000.0;1351589000.0;-1030383000.0;15455025000.0;4633805000.0;8739476000.0;13533339000.0;3209510000.0;16342615000.0;1435797000.0;-1079923000.0;1435797000.0;8797903000.0;8739476000.0;58427000.0;-1079923000.0;13811803000.0;15455025000.0;-1643222000.0;3918796000.0;4633805000.0;-715009000.0;14405951000.0;13533339000.0;872612000.0;3988465000.0;3209510000.0;778955000.0;14881872000.0;16342615000.0;-1460743000.0;3622961000.0
2021-09-30;20257;2020-12-31;2020-09-30;2021-09-30;2360161000.0;896031000.0;73676000.0;841643000.0;449739000.0;5803047000.0;657368000.0;-12102000.0;2520585000.0;967879000.0;87509000.0;1238042000.0;943281000.0;6057821000.0;536889000.0;-16513000.0;536889000.0;73676000.0;87509000.0;-13833000.0;-16513000.0;2360161000.0;2520585000.0;-160424000.0;896031000.0;967879000.0;-71848000.0;841643000.0;1238042000.0;-396399000.0;449739000.0;943281000.0;-493542000.0;5803047000.0;6057821000.0;-254774000.0;-84230000.0
2021-09-30;21237;2020-12-31;2020-09-30;2021-09-30;2930402000.0;1384933000.0;10946675000.0;1065939000.0;137713000.0;6904952000.0;55183000.0;-344787000.0;3364739000.0;1504156000.0;12190071000.0;1405553000.0;269885000.0;7478657000.0;362603000.0;-452611000.0;362603000.0;10946675000.0;12190071000.0;-1243396000.0;-452611000.0;2930402000.0;3364739000.0;-434337000.0;1384933000.0;1504156000.0;-119223000.0;1065939000.0;1405553000.0;-339614000.0;137713000.0;269885000.0;-132172000.0;6904952000.0;7478657000.0;-573705000.0;1451198000.0
2022-03-31;2437;2021-12-31;2021-03-31;2022-03-31;39744996000.0;2737253000.0;33367981000.0;23883372000.0;8444527000.0;36474602000.0;1609139000.0;-458100000.0;41404342000.0;3411966000.0;33199861000.0;24166180000.0;8393436000.0;34102766000.0;2716375000.0;-645145000.0;2716375000.0;33367981000.0;33199861000.0;168120000.0;-645145000.0;39744996000.0;41404342000.0;-1659346000.0;2737253000.0;3411966000.0;-674713000.0;23883372000.0;24166180000.0;-282808000.0;8444527000.0;8393436000.0;51091000.0;36474602000.0;34102766000.0;2371836000.0;-390523000.0
2022-03-31;2453;2021-12-31;2021-03-31;2022-03-31;12949150000.0;825208000.0;2419269000.0;10687593000.0;1465133000.0;9898830000.0;422351000.0;-238431000.0;12533758000.0;1409372000.0;2389491000.0;9652870000.0;1121332000.0;8728364000.0;1455571000.0;-283909000.0;1455571000.0;2419269000.0;2389491000.0;29778000.0;-283909000.0;12949150000.0;12533758000.0;415392000.0;825208000.0;1409372000.0;-584164000.0;10687593000.0;9652870000.0;1034723000.0;1465133000.0;1121332000.0;343801000.0;9898830000.0;8728364000.0;1170466000.0;-233778000.0
2022-03-31;18660;2021-12-31;2021-03-31;2022-03-31;15552504000.0;2199952000.0;8754616000.0;12913717000.0;4034836000.0;18381035000.0;961237000.0;-353746000.0;16444662000.0;3496671000.0;8714289000.0;12973368000.0;4853384000.0;17618325000.0;1161982000.0;-391127000.0;1161982000.0;8754616000.0;8714289000.0;40327000.0;-391127000.0;15552504000.0;16444662000.0;-892158000.0;2199952000.0;3496671000.0;-1296719000.0;12913717000.0;12973368000.0;-59651000.0;4034836000.0;4853384000.0;-818548000.0;18381035000.0;17618325000.0;762710000.0;-2611661000.0
2022-03-31;20257;2021-12-31;2021-03-31;2022-03-31;2135183000.0;384824000.0;86349000.0;1417130000.0;958046000.0;5846840000.0;555852000.0;-4687000.0;3326999000.0;1453195000.0;92114000.0;1432996000.0;1041269000.0;6648365000.0;559923000.0;-6856000.0;559923000.0;86349000.0;92114000.0;-5765000.0;-6856000.0;2135183000.0;3326999000.0;-1191816000.0;384824000.0;1453195000.0;-1068371000.0;1417130000.0;1432996000.0;-15866000.0;958046000.0;1041269000.0;-83223000.0;5846840000.0;6648365000.0;-801525000.0;316342000.0
2022-03-31;21237;2021-12-31;2021-03-31;2022-03-31;3189501000.0;992290000.0;12727223000.0;1436538000.0;362641000.0;7384809000.0;202911000.0;-148217000.0;3252286000.0;696884000.0;15460554000.0;2209385000.0;480926000.0;9141203000.0;185368000.0;-124885000.0;185368000.0;12727223000.0;15460554000.0;-2733331000.0;-124885000.0;3189501000.0;3252286000.0;-62785000.0;992290000.0;696884000.0;295406000.0;1436538000.0;2209385000.0;-772847000.0;362641000.0;480926000.0;-118285000.0;7384809000.0;9141203000.0;-1756394000.0;4312673000.0
2022-06-30;2437;2021-12-31;2021-06-30;2022-06-30;39744996000.0;2737253000.0;33367981000.0;23883372000.0;8444527000.0;36474602000.0;2529924000.0;-905365000.0;40103208000.0;5298070000.0;16594347000.0;27243304000.0;6466038000.0;29613385000.0;1400718000.0;-1285881000.0;1400718000.0;33367981000.0;16594347000.0;16773634000.0;-1285881000.0;39744996000.0;40103208000.0;-358212000.0;2737253000.0;5298070000.0;-2560817000.0;23883372000.0;27243304000.0;-3359932000.0;8444527000.0;6466038000.0;1978489000.0;36474602000.0;29613385000.0;6861217000.0;-29664879000.0
2022-06-30;2453;2021-12-31;2021-06-30;2022-06-30;12949150000.0;825208000.0;2419269000.0;10687593000.0;1465133000.0;9898830000.0;1946639000.0;-480164000.0;13950706000.0;1867781000.0;2372711000.0;11192265000.0;1003209000.0;10181636000.0;49876000.0;-571929000.0;49876000.0;2419269000.0;2372711000.0;46558000.0;-571929000.0;12949150000.0;13950706000.0;-1001556000.0;825208000.0;1867781000.0;-1042573000.0;10687593000.0;11192265000.0;-504672000.0;1465133000.0;1003209000.0;461924000.0;9898830000.0;10181636000.0;-282806000.0;-1412143000.0
2022-06-30;18660;2021-12-31;2021-06-30;2022-06-30;15552504000.0;2199952000.0;8754616000.0;12913717000.0;4034836000.0;18381035000.0;1126053000.0;-714958000.0;14625342000.0;3611251000.0;8582552000.0;15526233000.0;5751594000.0;18657336000.0;1262578000.0;-784855000.0;1262578000.0;8754616000.0;8582552000.0;172064000.0;-784855000.0;15552504000.0;14625342000.0;927162000.0;2199952000.0;3611251000.0;-1411299000.0;12913717000.0;15526233000.0;-2612516000.0;4034836000.0;5751594000.0;-1716758000.0;18381035000.0;18657336000.0;-276301000.0;-7497074000.0
2022-06-30;20257;2021-12-31;2021-06-30;2022-06-30;2135183000.0;384824000.0;86349000.0;1417130000.0;958046000.0;5846840000.0;697895000.0;-10495000.0;3953127000.0;1843025000.0;97352000.0;1279304000.0;1031222000.0;7605490000.0;564022000.0;-13946000.0;564022000.0;86349000.0;97352000.0;-11003000.0;-13946000.0;2135183000.0;3953127000.0;-1817944000.0;384824000.0;1843025000.0;-1458201000.0;1417130000.0;1279304000.0;137826000.0;958046000.0;1031222000.0;-73176000.0;5846840000.0;7605490000.0;-1758650000.0;1285921000.0
2022-06-30;21237;2021-12-31;2021-06-30;2022-06-30;3189501000.0;992290000.0;12727223000.0;1436538000.0;362641000.0;7384809000.0;118365000.0;-288336000.0;7346567000.0;3304137000.0;16415720000.0;3968194000.0;1981351000.0;8178821000.0;148016000.0;-275987000.0;148016000.0;12727223000.0;16415720000.0;-3688497000.0;-275987000.0;3189501000.0;7346567000.0;-4157066000.0;992290000.0;3304137000.0;-2311847000.0;1436538000.0;3968194000.0;-2531656000.0;362641000.0;1981351000.0;-1618710000.0;7384809000.0;8178821000.0;-794012000.0;-262456000.0
2022-09-30;2437;2021-12-31;2021-09-30;2022-09-30;39744996000.0;2737253000.0;33367981000.0;23883372000.0;8444527000.0;36474602000.0;964561000.0;-1408353000.0;43516712000.0;6760927000.0;34397553000.0;24699356000.0;7235323000.0;48034787000.0;-88000.0;-2098271000.0;-88000.0;33367981000.0;34397553000.0;-1029572000.0;-2098271000.0;39744996000.0;43516712000.0;-3771716000.0;2737253000.0;6760927000.0;-4023674000.0;23883372000.0;24699356000.0;-815984000.0;8444527000.0;7235323000.0;1209204000.0;36474602000.0;48034787000.0;-11560185000.0;6608986000.0
2022-09-30;2453;2021-12-31;2021-09-30;2022-09-30;12949150000.0;825208000.0;2419269000.0;10687593000.0;1465133000.0;9898830000.0;421477000.0;-763482000.0;14706124000.0;1990712000.0;2404840000.0;11571685000.0;1188699000.0;10180253000.0;1182353000.0;-869536000.0;1182353000.0;2419269000.0;2404840000.0;14429000.0;-869536000.0;12949150000.0;14706124000.0;-1756974000.0;825208000.0;1990712000.0;-1165504000.0;10687593000.0;11571685000.0;-884092000.0;1465133000.0;1188699000.0;276434000.0;9898830000.0;10180253000.0;-281423000.0;-601881000.0
2022-09-30;18660;2021-12-31;2021-09-30;2022-09-30;15552504000.0;2199952000.0;8754616000.0;12913717000.0;4034836000.0;18381035000.0;1435797000.0;-1079923000.0;14102909000.0;4028055000.0;8584753000.0;15152207000.0;5361280000.0;18160865000.0;1419211000.0;-1228698000.0;1419211000.0;8754616000.0;8584753000.0;169863000.0;-1228698000.0;15552504000.0;14102909000.0;1449595000.0;2199952000.0;4028055000.0;-1828103000.0;12913717000.0;15152207000.0;-2238490000.0;4034836000.0;5361280000.0;-1326444000.0;18381035000.0;18160865000.0;220170000.0;-8870255000.0
2022-09-30;20257;2021-12-31;2021-09-30;2022-09-30;2135183000.0;384824000.0;86349000.0;1417130000.0;958046000.0;5846840000.0;536889000.0;-16513000.0;3620492000.0;1564460000.0;129781000.0;975305000.0;711358000.0;7762053000.0;302454000.0;-19727000.0;302454000.0;86349000.0;129781000.0;-43432000.0;-19727000.0;2135183000.0;3620492000.0;-1485309000.0;384824000.0;1564460000.0;-1179636000.0;1417130000.0;975305000.0;441825000.0;958046000.0;711358000.0;246688000.0;5846840000.0;7762053000.0;-1915213000.0;2055922000.0
2022-09-30;21237;2021-12-31;2021-09-30;2022-09-30;3189501000.0;992290000.0;12727223000.0;1436538000.0;362641000.0;7384809000.0;362603000.0;-452611000.0;11696465000.0;7105811000.0;17182146000.0;5000319000.0;2209781000.0;12390017000.0;235178000.0;-453709000.0;235178000.0;12727223000.0;17182146000.0;-4454923000.0;-453709000.0;3189501000.0;11696465000.0;-8506964000.0;992290000.0;7105811000.0;-6113521000.0;1436538000.0;5000319000.0;-3563781000.0;362641000.0;2209781000.0;-1847140000.0;7384809000.0;12390017000.0;-5005208000.0;110601000.0
